"TimePeriod","GeoTypeDesc","GeoID","GeoRank","BoroID","Borough","Geography","Area","Total population","Asian alone (percent)","Black alone (percent)","Hispanic alone (percent)","White alone (percent)","Non-white (percent)"
"2017-21","Citywide","1","0","-","-","New York City","New York City","8,736,047","14.1","21.1","28.9","31.9","68.1"
"2017-21","Borough","1","1","1","Bronx","Bronx","Bronx","1,468,262","3.7","28.5","56.1","9.0","91.0"
"2017-21","Borough","2","1","2","Brooklyn","Brooklyn","Brooklyn","2,712,360","11.7","28.6","18.8","36.7","63.3"
"2017-21","Borough","3","1","3","Manhattan","Manhattan","Manhattan","1,669,127","11.8","12.1","25.6","46.7","53.3"
"2017-21","Borough","4","1","4","Queens","Queens","Queens","2,393,104","25.6","16.8","27.9","24.6","75.4"
"2017-21","Borough","5","1","5","Staten Island","Staten Island","Staten Island","493,194","10.4","9.1","18.4","59.6","40.4"
"2017-21","UHF 42","101","4","1","Bronx","Kingsbridge - Riverdale","Kingsbridge - Riverdale  Bronx","96,643","3.7","11.3","45.6","35.8","64.2"
"2017-21","UHF 42","102","4","1","Bronx","Northeast Bronx","Northeast Bronx  Bronx","212,012","3.5","56.6","27.7","8.2","91.8"
"2017-21","UHF 42","103","4","1","Bronx","Fordham - Bronx Pk","Fordham - Bronx Pk  Bronx","271,446","4.2","20.2","66.8","6.5","93.5"
"2017-21","UHF 42","104","4","1","Bronx","Pelham - Throgs Neck","Pelham - Throgs Neck  Bronx","308,864","8.4","19.4","53.3","15.6","84.4"
"2017-21","UHF 42","105","4","1","Bronx","Crotona -Tremont","Crotona -Tremont  Bronx","219,815","1.3","27.1","67.0","2.3","97.7"
"2017-21","UHF 42","106","4","1","Bronx","High Bridge - Morrisania","High Bridge - Morrisania  Bronx","220,270","1.0","33.5","61.0","2.4","97.6"
"2017-21","UHF 42","107","4","1","Bronx","Hunts Point - Mott Haven","Hunts Point - Mott Haven  Bronx","144,304","0.4","26.4","69.8","2.3","97.7"
"2017-21","UHF 42","201","4","2","Brooklyn","Greenpoint","Greenpoint  Brooklyn","105,594","5.2","3.4","21.9","64.9","35.1"
"2017-21","UHF 42","202","4","2","Brooklyn","Downtown - Heights - Slope","Downtown - Heights - Slope  Brooklyn","275,295","9.0","12.7","14.8","57.7","42.3"
"2017-21","UHF 42","203","4","2","Brooklyn","Bedford Stuyvesant - Crown Heights","Bedford Stuyvesant - Crown Heights  Brooklyn","354,128","2.7","57.5","14.1","20.9","79.1"
"2017-21","UHF 42","204","4","2","Brooklyn","East New York","East New York  Brooklyn","205,414","4.4","50.5","37.7","3.9","96.1"
"2017-21","UHF 42","205","4","2","Brooklyn","Sunset Park","Sunset Park  Brooklyn","122,085","35.9","3.0","41.9","17.2","82.8"
"2017-21","UHF 42","206","4","2","Brooklyn","Borough Park","Borough Park  Brooklyn","343,418","21.9","4.2","13.0","57.2","42.8"
"2017-21","UHF 42","207","4","2","Brooklyn","East Flatbush - Flatbush","East Flatbush - Flatbush  Brooklyn","304,594","3.0","64.5","10.2","17.9","82.1"
"2017-21","UHF 42","208","4","2","Brooklyn","Canarsie - Flatlands","Canarsie - Flatlands  Brooklyn","212,409","4.9","63.3","9.3","18.4","81.6"
"2017-21","UHF 42","209","4","2","Brooklyn","Bensonhurst - Bay Ridge","Bensonhurst - Bay Ridge  Brooklyn","213,566","28.1","2.2","16.7","49.9","50.1"
"2017-21","UHF 42","210","4","2","Brooklyn","Coney Island - Sheepshead Bay","Coney Island - Sheepshead Bay  Brooklyn","302,072","18.7","6.5","12.0","58.9","41.1"
"2017-21","UHF 42","211","4","2","Brooklyn","Williamsburg - Bushwick","Williamsburg - Bushwick  Brooklyn","231,221","5.5","24.1","39.6","27.3","72.7"
"2017-21","UHF 42","301","4","3","Manhattan","Washington Heights","Washington Heights  Manhattan","272,205","3.4","10.6","63.9","19.3","80.7"
"2017-21","UHF 42","302","4","3","Manhattan","Central Harlem - Morningside Heights","Central Harlem - Morningside Heights  Manhattan","183,460","5.7","47.1","25.3","17.9","82.1"
"2017-21","UHF 42","303","4","3","Manhattan","East Harlem","East Harlem  Manhattan","114,703","8.3","28.7","45.2","14.4","85.6"
"2017-21","UHF 42","304","4","3","Manhattan","Upper West Side","Upper West Side  Manhattan","232,499","10.1","5.8","15.1","64.9","35.1"
"2017-21","UHF 42","305","4","3","Manhattan","Upper East Side","Upper East Side  Manhattan","217,508","10.6","2.8","9.1","74.5","25.5"
"2017-21","UHF 42","306","4","3","Manhattan","Chelsea - Clinton","Chelsea - Clinton  Manhattan","161,322","15.5","5.2","16.6","58.5","41.5"
"2017-21","UHF 42","307","4","3","Manhattan","Gramercy Park - Murray Hill","Gramercy Park - Murray Hill  Manhattan","138,768","15.2","4.4","10.1","66.2","33.8"
"2017-21","UHF 42","308","4","3","Manhattan","Greenwich Village - SoHo","Greenwich Village - SoHo  Manhattan","81,647","18.0","2.5","8.5","67.5","32.5"
"2017-21","UHF 42","309","4","3","Manhattan","Union Square - Lower East Side","Union Square - Lower East Side  Manhattan","191,254","24.6","6.6","20.4","44.7","55.3"
"2017-21","UHF 42","310","4","3","Manhattan","Lower Manhattan","Lower Manhattan  Manhattan","64,008","21.9","5.9","8.7","58.6","41.4"
"2017-21","UHF 42","401","4","4","Queens","Long Island City - Astoria","Long Island City - Astoria  Queens","210,647","18.3","4.9","23.9","48.1","51.9"
"2017-21","UHF 42","402","4","4","Queens","West Queens","West Queens  Queens","472,404","26.6","4.6","51.6","15.0","85.0"
"2017-21","UHF 42","403","4","4","Queens","Flushing - Clearview","Flushing - Clearview  Queens","263,797","51.7","1.7","17.9","26.5","73.5"
"2017-21","UHF 42","404","4","4","Queens","Bayside - Little Neck","Bayside - Little Neck  Queens","95,662","44.1","2.8","13.9","36.7","63.3"
"2017-21","UHF 42","405","4","4","Queens","Ridgewood - Forest Hills","Ridgewood - Forest Hills  Queens","272,026","17.7","2.3","29.2","47.3","52.7"
"2017-21","UHF 42","406","4","4","Queens","Fresh Meadows","Fresh Meadows  Queens","101,723","37.0","7.7","17.8","34.4","65.6"
"2017-21","UHF 42","407","4","4","Queens","Southwest Queens","Southwest Queens  Queens","295,180","26.0","9.9","33.9","18.9","81.1"
"2017-21","UHF 42","408","4","4","Queens","Jamaica","Jamaica  Queens","327,755","18.9","48.6","17.2","6.9","93.1"
"2017-21","UHF 42","409","4","4","Queens","Southeast Queens","Southeast Queens  Queens","332,158","20.4","41.5","14.3","17.9","82.1"
"2017-21","UHF 42","410","4","4","Queens","Rockaways","Rockaways  Queens","135,797","3.9","34.4","23.3","34.7","65.3"
"2017-21","UHF 42","501","4","5","Staten Island","Port Richmond","Port Richmond  Staten Island","71,589","7.2","24.7","35.6","29.2","70.8"
"2017-21","UHF 42","502","4","5","Staten Island","Stapleton - St. George","Stapleton - St. George  Staten Island","127,116","12.9","16.2","20.9","47.6","52.4"
"2017-21","UHF 42","503","4","5","Staten Island","Willowbrook","Willowbrook  Staten Island","93,736","17.8","3.7","15.1","60.7","39.3"
"2017-21","UHF 42","504","4","5","Staten Island","South Beach - Tottenville","South Beach - Tottenville  Staten Island","200,753","6.4","1.5","12.3","77.6","22.4"
"2016-20","Citywide","1","0","-","-","New York City","New York City","8,379,552","14.1","21.4","28.9","31.9","68.1"
"2016-20","Borough","1","1","1","Bronx","Bronx","Bronx","1,427,056","3.7","28.8","56.0","9.0","91.0"
"2016-20","Borough","2","1","2","Brooklyn","Brooklyn","Brooklyn","2,576,771","11.8","29.3","18.9","36.4","63.6"
"2016-20","Borough","3","1","3","Manhattan","Manhattan","Manhattan","1,629,153","12.0","12.2","25.7","46.8","53.2"
"2016-20","Borough","4","1","4","Queens","Queens","Queens","2,270,976","25.7","17.0","27.8","24.6","75.4"
"2016-20","Borough","5","1","5","Staten Island","Staten Island","Staten Island","475,596","9.9","9.2","18.4","60.2","39.8"
"2016-20","UHF 42","101","4","1","Bronx","Kingsbridge - Riverdale","Kingsbridge - Riverdale  Bronx","92,813","3.7","11.5","45.6","36.5","63.5"
"2016-20","UHF 42","102","4","1","Bronx","Northeast Bronx","Northeast Bronx  Bronx","206,360","4.1","57.7","26.7","8.1","91.9"
"2016-20","UHF 42","103","4","1","Bronx","Fordham - Bronx Pk","Fordham - Bronx Pk  Bronx","265,538","3.4","21.3","66.1","7.0","93.0"
"2016-20","UHF 42","104","4","1","Bronx","Pelham - Throgs Neck","Pelham - Throgs Neck  Bronx","303,526","8.7","19.2","53.4","15.5","84.5"
"2016-20","UHF 42","105","4","1","Bronx","Crotona -Tremont","Crotona -Tremont  Bronx","211,051","1.5","27.1","67.6","2.1","97.9"
"2016-20","UHF 42","106","4","1","Bronx","High Bridge - Morrisania","High Bridge - Morrisania  Bronx","214,281","1.0","32.4","62.3","2.4","97.6"
"2016-20","UHF 42","107","4","1","Bronx","Hunts Point - Mott Haven","Hunts Point - Mott Haven  Bronx","138,077","0.4","28.2","68.4","2.2","97.8"
"2016-20","UHF 42","201","4","2","Brooklyn","Greenpoint","Greenpoint  Brooklyn","141,271","6.0","3.8","21.7","64.7","35.3"
"2016-20","UHF 42","202","4","2","Brooklyn","Downtown - Heights - Slope","Downtown - Heights - Slope  Brooklyn","262,916","9.1","13.2","14.8","57.2","42.8"
"2016-20","UHF 42","203","4","2","Brooklyn","Bedford Stuyvesant - Crown Heights","Bedford Stuyvesant - Crown Heights  Brooklyn","335,884","2.9","58.3","13.9","20.7","79.3"
"2016-20","UHF 42","204","4","2","Brooklyn","East New York","East New York  Brooklyn","193,493","4.2","52.3","36.4","3.8","96.2"
"2016-20","UHF 42","205","4","2","Brooklyn","Sunset Park","Sunset Park  Brooklyn","117,158","35.4","3.0","42.8","17.0","83.0"
"2016-20","UHF 42","206","4","2","Brooklyn","Borough Park","Borough Park  Brooklyn","324,120","22.5","4.3","12.5","57.5","42.5"
"2016-20","UHF 42","207","4","2","Brooklyn","East Flatbush - Flatbush","East Flatbush - Flatbush  Brooklyn","292,416","2.7","66.0","10.6","17.2","82.8"
"2016-20","UHF 42","208","4","2","Brooklyn","Canarsie - Flatlands","Canarsie - Flatlands  Brooklyn","202,025","4.7","63.9","9.7","18.8","81.2"
"2016-20","UHF 42","209","4","2","Brooklyn","Bensonhurst - Bay Ridge","Bensonhurst - Bay Ridge  Brooklyn","202,618","28.7","2.2","16.5","49.8","50.2"
"2016-20","UHF 42","210","4","2","Brooklyn","Coney Island - Sheepshead Bay","Coney Island - Sheepshead Bay  Brooklyn","284,917","18.3","6.5","12.2","58.7","41.3"
"2016-20","UHF 42","211","4","2","Brooklyn","Williamsburg - Bushwick","Williamsburg - Bushwick  Brooklyn","219,953","5.3","24.9","40.9","25.9","74.1"
"2016-20","UHF 42","301","4","3","Manhattan","Washington Heights","Washington Heights  Manhattan","265,585","3.1","10.9","63.5","19.8","80.2"
"2016-20","UHF 42","302","4","3","Manhattan","Central Harlem - Morningside Heights","Central Harlem - Morningside Heights  Manhattan","180,928","5.6","47.9","25.4","17.5","82.5"
"2016-20","UHF 42","303","4","3","Manhattan","East Harlem","East Harlem  Manhattan","111,616","8.2","29.4","45.0","14.3","85.7"
"2016-20","UHF 42","304","4","3","Manhattan","Upper West Side","Upper West Side  Manhattan","221,608","10.0","5.5","15.7","65.8","34.2"
"2016-20","UHF 42","305","4","3","Manhattan","Upper East Side","Upper East Side  Manhattan","215,148","11.5","2.6","10.2","73.0","27.0"
"2016-20","UHF 42","306","4","3","Manhattan","Chelsea - Clinton","Chelsea - Clinton  Manhattan","157,141","16.6","4.7","15.9","59.3","40.7"
"2016-20","UHF 42","307","4","3","Manhattan","Gramercy Park - Murray Hill","Gramercy Park - Murray Hill  Manhattan","135,314","15.8","4.4","10.0","66.1","33.9"
"2016-20","UHF 42","308","4","3","Manhattan","Greenwich Village - SoHo","Greenwich Village - SoHo  Manhattan","80,762","16.4","2.2","7.7","70.0","30.0"
"2016-20","UHF 42","309","4","3","Manhattan","Union Square - Lower East Side","Union Square - Lower East Side  Manhattan","187,301","25.5","6.8","19.9","44.6","55.4"
"2016-20","UHF 42","310","4","3","Manhattan","Lower Manhattan","Lower Manhattan  Manhattan","62,559","21.0","5.2","10.3","58.9","41.1"
"2016-20","UHF 42","401","4","4","Queens","Long Island City - Astoria","Long Island City - Astoria  Queens","202,025","18.2","5.3","24.2","48.1","51.9"
"2016-20","UHF 42","402","4","4","Queens","West Queens","West Queens  Queens","449,376","26.8","4.7","51.2","15.2","84.8"
"2016-20","UHF 42","403","4","4","Queens","Flushing - Clearview","Flushing - Clearview  Queens","253,562","52.4","1.7","18.3","25.6","74.4"
"2016-20","UHF 42","404","4","4","Queens","Bayside - Little Neck","Bayside - Little Neck  Queens","89,925","44.7","3.0","13.2","36.7","63.3"
"2016-20","UHF 42","405","4","4","Queens","Ridgewood - Forest Hills","Ridgewood - Forest Hills  Queens","258,593","17.4","2.2","29.4","48.0","52.0"
"2016-20","UHF 42","406","4","4","Queens","Fresh Meadows","Fresh Meadows  Queens","97,980","38.4","6.9","17.9","33.6","66.4"
"2016-20","UHF 42","407","4","4","Queens","Southwest Queens","Southwest Queens  Queens","275,960","26.0","9.5","34.0","19.2","80.8"
"2016-20","UHF 42","408","4","4","Queens","Jamaica","Jamaica  Queens","309,887","18.9","49.6","16.8","6.9","93.1"
"2016-20","UHF 42","409","4","4","Queens","Southeast Queens","Southeast Queens  Queens","318,348","19.2","42.1","13.9","19.0","81.0"
"2016-20","UHF 42","410","4","4","Queens","Rockaways","Rockaways  Queens","128,662","4.3","35.3","23.2","33.2","66.8"
"2016-20","UHF 42","501","4","5","Staten Island","Port Richmond","Port Richmond  Staten Island","69,274","6.9","25.3","36.2","29.1","70.9"
"2016-20","UHF 42","502","4","5","Staten Island","Stapleton - St. George","Stapleton - St. George  Staten Island","123,102","11.7","16.9","20.4","48.4","51.6"
"2016-20","UHF 42","503","4","5","Staten Island","Willowbrook","Willowbrook  Staten Island","89,938","18.0","3.3","15.2","61.2","38.8"
"2016-20","UHF 42","504","4","5","Staten Island","South Beach - Tottenville","South Beach - Tottenville  Staten Island","193,282","6.1","1.4","12.3","78.5","21.5"
"2015-19","Citywide","1","0","-","-","New York City","New York City","8,419,316","14.0","21.8","29.1","32.1","67.9"
"2015-19","Borough","1","1","1","Bronx","Bronx","Bronx","1,435,068","3.6","29.2","56.0","9.1","90.9"
"2015-19","Borough","2","1","2","Brooklyn","Brooklyn","Brooklyn","2,589,974","11.8","30.0","19.0","36.4","63.6"
"2015-19","Borough","3","1","3","Manhattan","Manhattan","Manhattan","1,631,993","12.1","12.5","25.8","46.9","53.1"
"2015-19","Borough","4","1","4","Queens","Queens","Queens","2,287,388","25.3","17.2","28.0","25.0","75.0"
"2015-19","Borough","5","1","5","Staten Island","Staten Island","Staten Island","474,893","9.2","9.4","18.4","61.0","39.0"
"2015-19","UHF 42","101","4","1","Bronx","Kingsbridge - Riverdale","Kingsbridge - Riverdale  Bronx","93,554","4.1","11.4","44.0","37.5","62.5"
"2015-19","UHF 42","102","4","1","Bronx","Northeast Bronx","Northeast Bronx  Bronx","205,957","3.9","58.4","26.2","8.7","91.3"
"2015-19","UHF 42","103","4","1","Bronx","Fordham - Bronx Pk","Fordham - Bronx Pk  Bronx","265,756","3.8","21.7","65.5","7.0","93.0"
"2015-19","UHF 42","104","4","1","Bronx","Pelham - Throgs Neck","Pelham - Throgs Neck  Bronx","301,133","7.8","20.8","53.1","16.0","84.0"
"2015-19","UHF 42","105","4","1","Bronx","Crotona -Tremont","Crotona -Tremont  Bronx","215,970","1.3","27.2","68.4","1.7","98.3"
"2015-19","UHF 42","106","4","1","Bronx","High Bridge - Morrisania","High Bridge - Morrisania  Bronx","216,305","1.1","32.1","63.1","2.1","97.9"
"2015-19","UHF 42","107","4","1","Bronx","Hunts Point - Mott Haven","Hunts Point - Mott Haven  Bronx","140,122","0.5","27.4","68.9","2.1","97.9"
"2015-19","UHF 42","201","4","2","Brooklyn","Greenpoint","Greenpoint  Brooklyn","139,995","5.2","3.4","21.8","66.7","33.3"
"2015-19","UHF 42","202","4","2","Brooklyn","Downtown - Heights - Slope","Downtown - Heights - Slope  Brooklyn","259,781","8.5","14.3","15.1","57.3","42.7"
"2015-19","UHF 42","203","4","2","Brooklyn","Bedford Stuyvesant - Crown Heights","Bedford Stuyvesant - Crown Heights  Brooklyn","335,096","3.0","60.7","14.1","19.3","80.7"
"2015-19","UHF 42","204","4","2","Brooklyn","East New York","East New York  Brooklyn","192,396","4.0","53.6","36.3","3.8","96.2"
"2015-19","UHF 42","205","4","2","Brooklyn","Sunset Park","Sunset Park  Brooklyn","119,600","36.3","2.7","43.2","15.9","84.1"
"2015-19","UHF 42","206","4","2","Brooklyn","Borough Park","Borough Park  Brooklyn","324,318","21.9","4.1","12.8","58.5","41.5"
"2015-19","UHF 42","207","4","2","Brooklyn","East Flatbush - Flatbush","East Flatbush - Flatbush  Brooklyn","297,167","2.9","67.4","10.4","16.8","83.2"
"2015-19","UHF 42","208","4","2","Brooklyn","Canarsie - Flatlands","Canarsie - Flatlands  Brooklyn","207,150","4.7","63.7","9.9","20.1","79.9"
"2015-19","UHF 42","209","4","2","Brooklyn","Bensonhurst - Bay Ridge","Bensonhurst - Bay Ridge  Brooklyn","204,774","29.1","1.8","16.4","50.2","49.8"
"2015-19","UHF 42","210","4","2","Brooklyn","Coney Island - Sheepshead Bay","Coney Island - Sheepshead Bay  Brooklyn","289,077","18.5","6.4","12.3","59.4","40.6"
"2015-19","UHF 42","211","4","2","Brooklyn","Williamsburg - Bushwick","Williamsburg - Bushwick  Brooklyn","220,620","5.5","25.8","41.9","24.5","75.5"
"2015-19","UHF 42","301","4","3","Manhattan","Washington Heights","Washington Heights  Manhattan","268,348","3.2","10.8","64.1","19.9","80.1"
"2015-19","UHF 42","302","4","3","Manhattan","Central Harlem - Morningside Heights","Central Harlem - Morningside Heights  Manhattan","182,949","5.6","48.3","25.7","17.2","82.8"
"2015-19","UHF 42","303","4","3","Manhattan","East Harlem","East Harlem  Manhattan","112,761","7.3","30.1","46.3","14.2","85.8"
"2015-19","UHF 42","304","4","3","Manhattan","Upper West Side","Upper West Side  Manhattan","218,945","10.0","6.2","16.0","65.3","34.7"
"2015-19","UHF 42","305","4","3","Manhattan","Upper East Side","Upper East Side  Manhattan","215,392","10.7","2.4","9.9","74.2","25.8"
"2015-19","UHF 42","306","4","3","Manhattan","Chelsea - Clinton","Chelsea - Clinton  Manhattan","156,857","16.6","5.2","15.7","59.4","40.6"
"2015-19","UHF 42","307","4","3","Manhattan","Gramercy Park - Murray Hill","Gramercy Park - Murray Hill  Manhattan","135,768","17.4","4.3","8.4","67.2","32.8"
"2015-19","UHF 42","308","4","3","Manhattan","Greenwich Village - SoHo","Greenwich Village - SoHo  Manhattan","82,461","17.8","2.4","7.1","69.0","31.0"
"2015-19","UHF 42","309","4","3","Manhattan","Union Square - Lower East Side","Union Square - Lower East Side  Manhattan","186,749","25.2","7.0","20.3","44.9","55.1"
"2015-19","UHF 42","310","4","3","Manhattan","Lower Manhattan","Lower Manhattan  Manhattan","61,168","21.7","4.6","9.9","60.0","40.0"
"2015-19","UHF 42","401","4","4","Queens","Long Island City - Astoria","Long Island City - Astoria  Queens","202,875","18.4","5.5","24.6","48.5","51.5"
"2015-19","UHF 42","402","4","4","Queens","West Queens","West Queens  Queens","454,789","25.9","4.9","52.0","15.3","84.7"
"2015-19","UHF 42","403","4","4","Queens","Flushing - Clearview","Flushing - Clearview  Queens","253,041","52.9","1.8","17.4","25.6","74.4"
"2015-19","UHF 42","404","4","4","Queens","Bayside - Little Neck","Bayside - Little Neck  Queens","88,855","44.4","3.3","11.7","38.6","61.4"
"2015-19","UHF 42","405","4","4","Queens","Ridgewood - Forest Hills","Ridgewood - Forest Hills  Queens","262,328","17.4","2.1","28.5","49.3","50.7"
"2015-19","UHF 42","406","4","4","Queens","Fresh Meadows","Fresh Meadows  Queens","100,305","36.9","7.0","17.7","34.9","65.1"
"2015-19","UHF 42","407","4","4","Queens","Southwest Queens","Southwest Queens  Queens","280,764","25.4","9.7","34.8","19.6","80.4"
"2015-19","UHF 42","408","4","4","Queens","Jamaica","Jamaica  Queens","312,563","18.6","50.1","17.5","6.7","93.3"
"2015-19","UHF 42","409","4","4","Queens","Southeast Queens","Southeast Queens  Queens","317,546","18.5","42.6","14.1","19.7","80.3"
"2015-19","UHF 42","410","4","4","Queens","Rockaways","Rockaways  Queens","128,437","3.5","36.5","24.0","33.5","66.5"
"2015-19","UHF 42","501","4","5","Staten Island","Port Richmond","Port Richmond  Staten Island","69,238","7.4","25.0","36.4","29.2","70.8"
"2015-19","UHF 42","502","4","5","Staten Island","Stapleton - St. George","Stapleton - St. George  Staten Island","122,118","10.8","17.7","21.2","47.7","52.3"
"2015-19","UHF 42","503","4","5","Staten Island","Willowbrook","Willowbrook  Staten Island","89,792","16.7","3.2","15.3","62.4","37.6"
"2015-19","UHF 42","504","4","5","Staten Island","South Beach - Tottenville","South Beach - Tottenville  Staten Island","193,745","5.4","1.4","11.7","80.1","19.9"
"2014-18","Citywide","1","0","-","-","New York City","New York City","8,443,713","13.8","21.9","29.1","32.1","67.9"
"2014-18","Borough","1","1","1","Bronx","Bronx","Bronx","1,437,872","3.5","29.3","55.9","9.3","90.7"
"2014-18","Borough","2","1","2","Brooklyn","Brooklyn","Brooklyn","2,600,747","11.7","30.3","19.2","36.2","63.8"
"2014-18","Borough","3","1","3","Manhattan","Manhattan","Manhattan","1,632,480","11.9","12.5","26.0","46.9","53.1"
"2014-18","Borough","4","1","4","Queens","Queens","Queens","2,298,513","25.1","17.2","28.0","25.3","74.7"
"2014-18","Borough","5","1","5","Staten Island","Staten Island","Staten Island","474,101","8.6","9.3","18.3","61.7","38.3"
"2014-18","UHF 42","101","4","1","Bronx","Kingsbridge - Riverdale","Kingsbridge - Riverdale  Bronx","93,256","4.1","11.0","44.5","38.0","62.0"
"2014-18","UHF 42","102","4","1","Bronx","Northeast Bronx","Northeast Bronx  Bronx","204,989","4.2","57.9","25.9","9.3","90.7"
"2014-18","UHF 42","103","4","1","Bronx","Fordham - Bronx Pk","Fordham - Bronx Pk  Bronx","266,339","3.9","22.1","64.7","7.2","92.8"
"2014-18","UHF 42","104","4","1","Bronx","Pelham - Throgs Neck","Pelham - Throgs Neck  Bronx","304,148","7.2","20.8","53.0","16.7","83.3"
"2014-18","UHF 42","105","4","1","Bronx","Crotona -Tremont","Crotona -Tremont  Bronx","213,665","1.2","27.5","68.3","1.7","98.3"
"2014-18","UHF 42","106","4","1","Bronx","High Bridge - Morrisania","High Bridge - Morrisania  Bronx","218,094","1.1","32.0","63.3","1.8","98.2"
"2014-18","UHF 42","107","4","1","Bronx","Hunts Point - Mott Haven","Hunts Point - Mott Haven  Bronx","140,964","0.7","27.8","68.7","1.7","98.3"
"2014-18","UHF 42","201","4","2","Brooklyn","Greenpoint","Greenpoint  Brooklyn","139,116","5.4","3.7","21.7","66.4","33.6"
"2014-18","UHF 42","202","4","2","Brooklyn","Downtown - Heights - Slope","Downtown - Heights - Slope  Brooklyn","258,295","8.2","14.1","16.1","56.7","43.3"
"2014-18","UHF 42","203","4","2","Brooklyn","Bedford Stuyvesant - Crown Heights","Bedford Stuyvesant - Crown Heights  Brooklyn","330,489","2.9","63.1","13.8","17.5","82.5"
"2014-18","UHF 42","204","4","2","Brooklyn","East New York","East New York  Brooklyn","190,632","3.6","53.6","37.4","3.2","96.8"
"2014-18","UHF 42","205","4","2","Brooklyn","Sunset Park","Sunset Park  Brooklyn","123,245","36.3","2.4","43.7","15.9","84.1"
"2014-18","UHF 42","206","4","2","Brooklyn","Borough Park","Borough Park  Brooklyn","330,597","22.0","4.1","12.6","59.1","40.9"
"2014-18","UHF 42","207","4","2","Brooklyn","East Flatbush - Flatbush","East Flatbush - Flatbush  Brooklyn","301,650","2.8","67.8","10.5","16.4","83.6"
"2014-18","UHF 42","208","4","2","Brooklyn","Canarsie - Flatlands","Canarsie - Flatlands  Brooklyn","209,241","4.5","64.0","9.4","20.4","79.6"
"2014-18","UHF 42","209","4","2","Brooklyn","Bensonhurst - Bay Ridge","Bensonhurst - Bay Ridge  Brooklyn","205,749","29.0","1.6","15.8","51.3","48.7"
"2014-18","UHF 42","210","4","2","Brooklyn","Coney Island - Sheepshead Bay","Coney Island - Sheepshead Bay  Brooklyn","290,239","18.0","6.4","13.3","59.4","40.6"
"2014-18","UHF 42","211","4","2","Brooklyn","Williamsburg - Bushwick","Williamsburg - Bushwick  Brooklyn","221,494","5.6","26.4","41.8","24.0","76.0"
"2014-18","UHF 42","301","4","3","Manhattan","Washington Heights","Washington Heights  Manhattan","271,606","3.3","11.0","64.5","19.0","81.0"
"2014-18","UHF 42","302","4","3","Manhattan","Central Harlem - Morningside Heights","Central Harlem - Morningside Heights  Manhattan","182,658","5.4","49.4","25.4","16.6","83.4"
"2014-18","UHF 42","303","4","3","Manhattan","East Harlem","East Harlem  Manhattan","115,340","7.8","29.3","46.9","13.8","86.2"
"2014-18","UHF 42","304","4","3","Manhattan","Upper West Side","Upper West Side  Manhattan","219,326","9.4","6.1","15.9","65.8","34.2"
"2014-18","UHF 42","305","4","3","Manhattan","Upper East Side","Upper East Side  Manhattan","216,195","10.3","2.3","9.7","75.1","24.9"
"2014-18","UHF 42","306","4","3","Manhattan","Chelsea - Clinton","Chelsea - Clinton  Manhattan","154,362","16.9","5.3","15.3","59.5","40.5"
"2014-18","UHF 42","307","4","3","Manhattan","Gramercy Park - Murray Hill","Gramercy Park - Murray Hill  Manhattan","131,713","17.2","3.2","7.5","68.9","31.1"
"2014-18","UHF 42","308","4","3","Manhattan","Greenwich Village - SoHo","Greenwich Village - SoHo  Manhattan","82,858","18.5","2.4","6.4","69.0","31.0"
"2014-18","UHF 42","309","4","3","Manhattan","Union Square - Lower East Side","Union Square - Lower East Side  Manhattan","187,600","24.3","7.0","20.9","45.1","54.9"
"2014-18","UHF 42","310","4","3","Manhattan","Lower Manhattan","Lower Manhattan  Manhattan","60,156","22.6","3.9","10.3","59.6","40.4"
"2014-18","UHF 42","401","4","4","Queens","Long Island City - Astoria","Long Island City - Astoria  Queens","204,828","17.8","5.5","26.0","47.6","52.4"
"2014-18","UHF 42","402","4","4","Queens","West Queens","West Queens  Queens","458,568","25.6","5.3","51.9","15.4","84.6"
"2014-18","UHF 42","403","4","4","Queens","Flushing - Clearview","Flushing - Clearview  Queens","256,128","51.8","1.9","17.4","26.7","73.3"
"2014-18","UHF 42","404","4","4","Queens","Bayside - Little Neck","Bayside - Little Neck  Queens","89,725","45.2","2.2","10.7","39.8","60.2"
"2014-18","UHF 42","405","4","4","Queens","Ridgewood - Forest Hills","Ridgewood - Forest Hills  Queens","260,709","17.4","2.1","28.1","49.7","50.3"
"2014-18","UHF 42","406","4","4","Queens","Fresh Meadows","Fresh Meadows  Queens","101,457","36.8","7.0","17.4","36.0","64.0"
"2014-18","UHF 42","407","4","4","Queens","Southwest Queens","Southwest Queens  Queens","285,269","25.0","9.6","34.5","19.7","80.3"
"2014-18","UHF 42","408","4","4","Queens","Jamaica","Jamaica  Queens","312,762","18.1","50.6","17.5","6.3","93.7"
"2014-18","UHF 42","409","4","4","Queens","Southeast Queens","Southeast Queens  Queens","318,444","18.2","43.1","13.7","20.1","79.9"
"2014-18","UHF 42","410","4","4","Queens","Rockaways","Rockaways  Queens","125,898","3.8","35.8","23.9","34.2","65.8"
"2014-18","UHF 42","501","4","5","Staten Island","Port Richmond","Port Richmond  Staten Island","67,413","7.1","24.4","37.0","29.6","70.4"
"2014-18","UHF 42","502","4","5","Staten Island","Stapleton - St. George","Stapleton - St. George  Staten Island","122,095","9.5","17.3","22.0","47.8","52.2"
"2014-18","UHF 42","503","4","5","Staten Island","Willowbrook","Willowbrook  Staten Island","90,761","16.4","3.7","15.1","62.5","37.5"
"2014-18","UHF 42","504","4","5","Staten Island","South Beach - Tottenville","South Beach - Tottenville  Staten Island","193,832","4.9","1.5","11.1","81.2","18.8"
"2013-17","Citywide","1","0","-","-","New York City","New York City","8,560,072","13.9","22.0","29.1","32.1","67.9"
"2013-17","Borough","1","1","1","Bronx","Bronx","Bronx","1,455,846","3.6","29.4","55.7","9.5","90.5"
"2013-17","Borough","2","1","2","Brooklyn","Brooklyn","Brooklyn","2,635,121","11.8","30.6","19.3","36.0","64.0"
"2013-17","Borough","3","1","3","Manhattan","Manhattan","Manhattan","1,653,877","11.9","12.5","26.1","46.8","53.2"
"2013-17","Borough","4","1","4","Queens","Queens","Queens","2,339,280","25.1","17.2","28.0","25.4","74.6"
"2013-17","Borough","5","1","5","Staten Island","Staten Island","Staten Island","475,948","8.4","9.4","18.2","62.1","37.9"
"2013-17","UHF 42","101","4","1","Bronx","Kingsbridge - Riverdale","Kingsbridge - Riverdale  Bronx","94,903","4.1","11.1","43.7","38.5","61.5"
"2013-17","UHF 42","102","4","1","Bronx","Northeast Bronx","Northeast Bronx  Bronx","205,410","3.8","57.9","26.3","9.4","90.6"
"2013-17","UHF 42","103","4","1","Bronx","Fordham - Bronx Pk","Fordham - Bronx Pk  Bronx","265,532","4.1","22.5","64.1","7.4","92.6"
"2013-17","UHF 42","104","4","1","Bronx","Pelham - Throgs Neck","Pelham - Throgs Neck  Bronx","310,450","7.3","21.0","52.3","17.1","82.9"
"2013-17","UHF 42","105","4","1","Bronx","Crotona -Tremont","Crotona -Tremont  Bronx","218,672","1.4","28.1","67.6","1.6","98.4"
"2013-17","UHF 42","106","4","1","Bronx","High Bridge - Morrisania","High Bridge - Morrisania  Bronx","220,890","1.4","32.3","63.0","1.6","98.4"
"2013-17","UHF 42","107","4","1","Bronx","Hunts Point - Mott Haven","Hunts Point - Mott Haven  Bronx","142,715","0.6","26.7","70.0","1.6","98.4"
"2013-17","UHF 42","201","4","2","Brooklyn","Greenpoint","Greenpoint  Brooklyn","138,405","5.8","4.0","21.6","66.1","33.9"
"2013-17","UHF 42","202","4","2","Brooklyn","Downtown - Heights - Slope","Downtown - Heights - Slope  Brooklyn","255,437","8.2","14.0","16.9","56.6","43.4"
"2013-17","UHF 42","203","4","2","Brooklyn","Bedford Stuyvesant - Crown Heights","Bedford Stuyvesant - Crown Heights  Brooklyn","337,124","2.9","64.3","13.9","16.3","83.7"
"2013-17","UHF 42","204","4","2","Brooklyn","East New York","East New York  Brooklyn","191,725","3.9","54.3","36.5","3.1","96.9"
"2013-17","UHF 42","205","4","2","Brooklyn","Sunset Park","Sunset Park  Brooklyn","129,404","36.5","2.3","44.3","15.2","84.8"
"2013-17","UHF 42","206","4","2","Brooklyn","Borough Park","Borough Park  Brooklyn","341,252","22.2","4.2","12.8","58.8","41.2"
"2013-17","UHF 42","207","4","2","Brooklyn","East Flatbush - Flatbush","East Flatbush - Flatbush  Brooklyn","307,059","3.0","68.3","10.9","15.4","84.6"
"2013-17","UHF 42","208","4","2","Brooklyn","Canarsie - Flatlands","Canarsie - Flatlands  Brooklyn","211,087","4.2","64.3","8.9","20.9","79.1"
"2013-17","UHF 42","209","4","2","Brooklyn","Bensonhurst - Bay Ridge","Bensonhurst - Bay Ridge  Brooklyn","206,909","28.4","1.4","14.5","54.0","46.0"
"2013-17","UHF 42","210","4","2","Brooklyn","Coney Island - Sheepshead Bay","Coney Island - Sheepshead Bay  Brooklyn","292,097","18.0","6.5","12.7","60.6","39.4"
"2013-17","UHF 42","211","4","2","Brooklyn","Williamsburg - Bushwick","Williamsburg - Bushwick  Brooklyn","224,622","5.8","26.1","43.8","22.4","77.6"
"2013-17","UHF 42","301","4","3","Manhattan","Washington Heights","Washington Heights  Manhattan","276,566","3.0","11.4","64.9","18.5","81.5"
"2013-17","UHF 42","302","4","3","Manhattan","Central Harlem - Morningside Heights","Central Harlem - Morningside Heights  Manhattan","184,020","5.4","50.0","24.7","17.0","83.0"
"2013-17","UHF 42","303","4","3","Manhattan","East Harlem","East Harlem  Manhattan","116,232","8.0","28.4","47.6","13.9","86.1"
"2013-17","UHF 42","304","4","3","Manhattan","Upper West Side","Upper West Side  Manhattan","219,603","9.6","5.9","16.3","65.4","34.6"
"2013-17","UHF 42","305","4","3","Manhattan","Upper East Side","Upper East Side  Manhattan","223,469","9.9","2.5","9.5","75.4","24.6"
"2013-17","UHF 42","306","4","3","Manhattan","Chelsea - Clinton","Chelsea - Clinton  Manhattan","152,837","16.4","6.1","14.8","59.8","40.2"
"2013-17","UHF 42","307","4","3","Manhattan","Gramercy Park - Murray Hill","Gramercy Park - Murray Hill  Manhattan","131,762","16.6","3.1","9.2","67.8","32.2"
"2013-17","UHF 42","308","4","3","Manhattan","Greenwich Village - SoHo","Greenwich Village - SoHo  Manhattan","85,940","18.9","2.6","6.3","68.4","31.6"
"2013-17","UHF 42","309","4","3","Manhattan","Union Square - Lower East Side","Union Square - Lower East Side  Manhattan","193,101","25.2","6.0","21.4","44.7","55.3"
"2013-17","UHF 42","310","4","3","Manhattan","Lower Manhattan","Lower Manhattan  Manhattan","60,206","23.3","4.3","9.3","59.6","40.4"
"2013-17","UHF 42","401","4","4","Queens","Long Island City - Astoria","Long Island City - Astoria  Queens","209,037","17.8","5.7","26.4","47.2","52.8"
"2013-17","UHF 42","402","4","4","Queens","West Queens","West Queens  Queens","471,944","26.5","5.5","51.3","15.0","85.0"
"2013-17","UHF 42","403","4","4","Queens","Flushing - Clearview","Flushing - Clearview  Queens","262,378","51.5","2.0","16.9","27.3","72.7"
"2013-17","UHF 42","404","4","4","Queens","Bayside - Little Neck","Bayside - Little Neck  Queens","90,823","43.6","2.2","11.7","40.5","59.5"
"2013-17","UHF 42","405","4","4","Queens","Ridgewood - Forest Hills","Ridgewood - Forest Hills  Queens","260,599","17.3","2.0","28.1","50.3","49.7"
"2013-17","UHF 42","406","4","4","Queens","Fresh Meadows","Fresh Meadows  Queens","103,369","37.0","6.7","16.7","36.5","63.5"
"2013-17","UHF 42","407","4","4","Queens","Southwest Queens","Southwest Queens  Queens","293,717","24.7","9.9","34.4","19.8","80.2"
"2013-17","UHF 42","408","4","4","Queens","Jamaica","Jamaica  Queens","319,384","18.0","50.2","18.1","6.4","93.6"
"2013-17","UHF 42","409","4","4","Queens","Southeast Queens","Southeast Queens  Queens","321,367","17.9","43.1","13.3","20.6","79.4"
"2013-17","UHF 42","410","4","4","Queens","Rockaways","Rockaways  Queens","123,012","3.5","35.1","24.4","35.1","64.9"
"2013-17","UHF 42","501","4","5","Staten Island","Port Richmond","Port Richmond  Staten Island","68,051","6.6","24.3","36.0","30.6","69.4"
"2013-17","UHF 42","502","4","5","Staten Island","Stapleton - St. George","Stapleton - St. George  Staten Island","123,646","9.1","17.5","22.6","47.3","52.7"
"2013-17","UHF 42","503","4","5","Staten Island","Willowbrook","Willowbrook  Staten Island","89,960","15.5","4.1","14.2","64.3","35.7"
"2013-17","UHF 42","504","4","5","Staten Island","South Beach - Tottenville","South Beach - Tottenville  Staten Island","194,291","5.1","1.3","11.0","81.5","18.5"
"2012-16","Citywide","1","0","-","-","New York City","New York City","8,461,961","13.6","22.2","29.0","32.3","67.7"
"2012-16","Borough","1","1","1","Bronx","Bronx","Bronx","1,436,785","3.6","29.5","55.4","9.6","90.4"
"2012-16","Borough","2","1","2","Brooklyn","Brooklyn","Brooklyn","2,606,852","11.6","30.9","19.4","35.8","64.2"
"2012-16","Borough","3","1","3","Manhattan","Manhattan","Manhattan","1,634,989","11.7","12.6","25.9","47.1","52.9"
"2012-16","Borough","4","1","4","Queens","Queens","Queens","2,310,011","24.6","17.3","28.0","25.6","74.4"
"2012-16","Borough","5","1","5","Staten Island","Staten Island","Staten Island","473,324","7.9","9.4","18.0","62.6","37.4"
"2012-16","UHF 42","101","4","1","Bronx","Kingsbridge - Riverdale","Kingsbridge - Riverdale  Bronx","93,258","4.8","10.9","43.8","38.2","61.8"
"2012-16","UHF 42","102","4","1","Bronx","Northeast Bronx","Northeast Bronx  Bronx","202,632","3.3","58.6","25.5","10.0","90.0"
"2012-16","UHF 42","103","4","1","Bronx","Fordham - Bronx Pk","Fordham - Bronx Pk  Bronx","260,280","4.4","23.0","63.0","7.6","92.4"
"2012-16","UHF 42","104","4","1","Bronx","Pelham - Throgs Neck","Pelham - Throgs Neck  Bronx","309,020","7.1","20.7","52.6","17.3","82.7"
"2012-16","UHF 42","105","4","1","Bronx","Crotona -Tremont","Crotona -Tremont  Bronx","214,792","1.4","28.0","67.8","1.7","98.3"
"2012-16","UHF 42","106","4","1","Bronx","High Bridge - Morrisania","High Bridge - Morrisania  Bronx","216,289","1.3","33.0","62.4","1.6","98.4"
"2012-16","UHF 42","107","4","1","Bronx","Hunts Point - Mott Haven","Hunts Point - Mott Haven  Bronx","142,482","0.8","25.9","70.8","1.3","98.7"
"2012-16","UHF 42","201","4","2","Brooklyn","Greenpoint","Greenpoint  Brooklyn","135,659","5.5","3.6","21.8","66.8","33.2"
"2012-16","UHF 42","202","4","2","Brooklyn","Downtown - Heights - Slope","Downtown - Heights - Slope  Brooklyn","249,816","7.9","13.5","17.3","57.1","42.9"
"2012-16","UHF 42","203","4","2","Brooklyn","Bedford Stuyvesant - Crown Heights","Bedford Stuyvesant - Crown Heights  Brooklyn","333,870","2.9","65.9","13.6","15.2","84.8"
"2012-16","UHF 42","204","4","2","Brooklyn","East New York","East New York  Brooklyn","188,966","3.7","54.4","37.0","2.8","97.2"
"2012-16","UHF 42","205","4","2","Brooklyn","Sunset Park","Sunset Park  Brooklyn","130,393","36.3","2.3","44.8","15.0","85.0"
"2012-16","UHF 42","206","4","2","Brooklyn","Borough Park","Borough Park  Brooklyn","339,383","22.0","4.2","12.5","59.4","40.6"
"2012-16","UHF 42","207","4","2","Brooklyn","East Flatbush - Flatbush","East Flatbush - Flatbush  Brooklyn","306,465","2.8","69.5","10.9","14.3","85.7"
"2012-16","UHF 42","208","4","2","Brooklyn","Canarsie - Flatlands","Canarsie - Flatlands  Brooklyn","208,063","4.0","64.7","8.6","21.1","78.9"
"2012-16","UHF 42","209","4","2","Brooklyn","Bensonhurst - Bay Ridge","Bensonhurst - Bay Ridge  Brooklyn","205,714","28.0","1.2","14.4","54.8","45.2"
"2012-16","UHF 42","210","4","2","Brooklyn","Coney Island - Sheepshead Bay","Coney Island - Sheepshead Bay  Brooklyn","284,325","17.2","6.2","12.0","62.5","37.5"
"2012-16","UHF 42","211","4","2","Brooklyn","Williamsburg - Bushwick","Williamsburg - Bushwick  Brooklyn","224,198","5.7","26.8","45.5","20.4","79.6"
"2012-16","UHF 42","301","4","3","Manhattan","Washington Heights","Washington Heights  Manhattan","272,304","2.9","11.7","65.6","17.6","82.4"
"2012-16","UHF 42","302","4","3","Manhattan","Central Harlem - Morningside Heights","Central Harlem - Morningside Heights  Manhattan","180,601","5.4","50.6","24.8","16.0","84.0"
"2012-16","UHF 42","303","4","3","Manhattan","East Harlem","East Harlem  Manhattan","113,598","7.5","28.3","46.6","15.1","84.9"
"2012-16","UHF 42","304","4","3","Manhattan","Upper West Side","Upper West Side  Manhattan","218,771","9.2","6.0","15.8","66.3","33.7"
"2012-16","UHF 42","305","4","3","Manhattan","Upper East Side","Upper East Side  Manhattan","222,810","9.4","2.9","9.0","75.8","24.2"
"2012-16","UHF 42","306","4","3","Manhattan","Chelsea - Clinton","Chelsea - Clinton  Manhattan","148,912","16.1","5.5","14.3","61.2","38.8"
"2012-16","UHF 42","307","4","3","Manhattan","Gramercy Park - Murray Hill","Gramercy Park - Murray Hill  Manhattan","130,093","16.6","3.2","8.8","68.5","31.5"
"2012-16","UHF 42","308","4","3","Manhattan","Greenwich Village - SoHo","Greenwich Village - SoHo  Manhattan","84,211","17.4","2.6","6.7","69.5","30.5"
"2012-16","UHF 42","309","4","3","Manhattan","Union Square - Lower East Side","Union Square - Lower East Side  Manhattan","194,662","24.9","6.4","20.8","45.0","55.0"
"2012-16","UHF 42","310","4","3","Manhattan","Lower Manhattan","Lower Manhattan  Manhattan","59,551","24.0","3.8","11.5","57.6","42.4"
"2012-16","UHF 42","401","4","4","Queens","Long Island City - Astoria","Long Island City - Astoria  Queens","206,888","17.3","5.3","26.8","47.7","52.3"
"2012-16","UHF 42","402","4","4","Queens","West Queens","West Queens  Queens","470,128","26.1","5.7","51.7","14.8","85.2"
"2012-16","UHF 42","403","4","4","Queens","Flushing - Clearview","Flushing - Clearview  Queens","261,013","51.0","2.0","17.1","27.2","72.8"
"2012-16","UHF 42","404","4","4","Queens","Bayside - Little Neck","Bayside - Little Neck  Queens","90,165","42.9","2.1","11.6","41.0","59.0"
"2012-16","UHF 42","405","4","4","Queens","Ridgewood - Forest Hills","Ridgewood - Forest Hills  Queens","253,771","16.3","2.1","27.5","52.1","47.9"
"2012-16","UHF 42","406","4","4","Queens","Fresh Meadows","Fresh Meadows  Queens","101,322","35.7","6.4","16.3","38.3","61.7"
"2012-16","UHF 42","407","4","4","Queens","Southwest Queens","Southwest Queens  Queens","291,881","23.8","10.2","34.2","19.7","80.3"
"2012-16","UHF 42","408","4","4","Queens","Jamaica","Jamaica  Queens","313,235","17.3","50.9","18.2","6.5","93.5"
"2012-16","UHF 42","409","4","4","Queens","Southeast Queens","Southeast Queens  Queens","315,973","17.7","43.3","12.6","21.5","78.5"
"2012-16","UHF 42","410","4","4","Queens","Rockaways","Rockaways  Queens","121,517","3.9","35.3","23.5","35.0","65.0"
"2012-16","UHF 42","501","4","5","Staten Island","Port Richmond","Port Richmond  Staten Island","66,570","7.1","25.0","35.5","30.0","70.0"
"2012-16","UHF 42","502","4","5","Staten Island","Stapleton - St. George","Stapleton - St. George  Staten Island","123,106","8.8","18.0","22.8","47.2","52.8"
"2012-16","UHF 42","503","4","5","Staten Island","Willowbrook","Willowbrook  Staten Island","88,585","13.9","4.1","14.3","65.4","34.6"
"2012-16","UHF 42","504","4","5","Staten Island","South Beach - Tottenville","South Beach - Tottenville  Staten Island","195,063","5.0","1.1","10.6","82.2","17.8"
"2011-15","Citywide","1","0","-","-","New York City","New York City","8,426,743","13.4","22.4","28.9","32.5","67.5"
"2011-15","Borough","1","1","1","Bronx","Bronx","Bronx","1,428,357","3.6","29.6","54.6","10.3","89.7"
"2011-15","Borough","2","1","2","Brooklyn","Brooklyn","Brooklyn","2,595,259","11.4","31.2","19.6","35.7","64.3"
"2011-15","Borough","3","1","3","Manhattan","Manhattan","Manhattan","1,629,507","11.6","12.7","25.8","47.1","52.9"
"2011-15","Borough","4","1","4","Queens","Queens","Queens","2,301,139","24.2","17.4","27.9","26.1","73.9"
"2011-15","Borough","5","1","5","Staten Island","Staten Island","Staten Island","472,481","8.0","9.6","17.8","62.8","37.2"
"2011-15","UHF 42","101","4","1","Bronx","Kingsbridge - Riverdale","Kingsbridge - Riverdale  Bronx","93,708","4.5","11.0","42.6","39.6","60.4"
"2011-15","UHF 42","102","4","1","Bronx","Northeast Bronx","Northeast Bronx  Bronx","202,651","2.9","57.9","25.8","11.0","89.0"
"2011-15","UHF 42","103","4","1","Bronx","Fordham - Bronx Pk","Fordham - Bronx Pk  Bronx","254,745","4.9","24.1","60.6","8.4","91.6"
"2011-15","UHF 42","104","4","1","Bronx","Pelham - Throgs Neck","Pelham - Throgs Neck  Bronx","308,892","7.1","20.8","51.2","18.6","81.4"
"2011-15","UHF 42","105","4","1","Bronx","Crotona -Tremont","Crotona -Tremont  Bronx","213,356","1.4","27.7","68.0","1.8","98.2"
"2011-15","UHF 42","106","4","1","Bronx","High Bridge - Morrisania","High Bridge - Morrisania  Bronx","215,615","1.2","33.6","61.9","1.6","98.4"
"2011-15","UHF 42","107","4","1","Bronx","Hunts Point - Mott Haven","Hunts Point - Mott Haven  Bronx","141,085","0.8","24.8","71.9","1.4","98.6"
"2011-15","UHF 42","201","4","2","Brooklyn","Greenpoint","Greenpoint  Brooklyn","132,935","5.1","3.6","21.4","67.6","32.4"
"2011-15","UHF 42","202","4","2","Brooklyn","Downtown - Heights - Slope","Downtown - Heights - Slope  Brooklyn","246,166","7.7","13.5","18.4","56.6","43.4"
"2011-15","UHF 42","203","4","2","Brooklyn","Bedford Stuyvesant - Crown Heights","Bedford Stuyvesant - Crown Heights  Brooklyn","331,606","2.6","67.5","13.5","14.0","86.0"
"2011-15","UHF 42","204","4","2","Brooklyn","East New York","East New York  Brooklyn","188,504","3.3","54.6","37.2","2.8","97.2"
"2011-15","UHF 42","205","4","2","Brooklyn","Sunset Park","Sunset Park  Brooklyn","131,541","35.8","2.2","45.5","14.9","85.1"
"2011-15","UHF 42","206","4","2","Brooklyn","Borough Park","Borough Park  Brooklyn","342,436","21.3","4.1","12.9","59.8","40.2"
"2011-15","UHF 42","207","4","2","Brooklyn","East Flatbush - Flatbush","East Flatbush - Flatbush  Brooklyn","302,525","2.9","70.7","10.4","13.5","86.5"
"2011-15","UHF 42","208","4","2","Brooklyn","Canarsie - Flatlands","Canarsie - Flatlands  Brooklyn","207,112","3.9","64.3","8.8","21.4","78.6"
"2011-15","UHF 42","209","4","2","Brooklyn","Bensonhurst - Bay Ridge","Bensonhurst - Bay Ridge  Brooklyn","209,288","27.3","1.3","14.2","55.8","44.2"
"2011-15","UHF 42","210","4","2","Brooklyn","Coney Island - Sheepshead Bay","Coney Island - Sheepshead Bay  Brooklyn","280,786","17.6","6.3","11.4","63.2","36.8"
"2011-15","UHF 42","211","4","2","Brooklyn","Williamsburg - Bushwick","Williamsburg - Bushwick  Brooklyn","222,360","5.1","27.0","47.2","19.0","81.0"
"2011-15","UHF 42","301","4","3","Manhattan","Washington Heights","Washington Heights  Manhattan","269,556","2.9","11.7","66.5","16.8","83.2"
"2011-15","UHF 42","302","4","3","Manhattan","Central Harlem - Morningside Heights","Central Harlem - Morningside Heights  Manhattan","177,406","5.4","52.0","23.9","15.7","84.3"
"2011-15","UHF 42","303","4","3","Manhattan","East Harlem","East Harlem  Manhattan","113,171","7.6","28.4","47.8","13.8","86.2"
"2011-15","UHF 42","304","4","3","Manhattan","Upper West Side","Upper West Side  Manhattan","220,571","8.8","6.3","15.8","66.4","33.6"
"2011-15","UHF 42","305","4","3","Manhattan","Upper East Side","Upper East Side  Manhattan","221,448","8.9","2.9","8.0","77.6","22.4"
"2011-15","UHF 42","306","4","3","Manhattan","Chelsea - Clinton","Chelsea - Clinton  Manhattan","149,683","15.5","5.5","14.6","61.5","38.5"
"2011-15","UHF 42","307","4","3","Manhattan","Gramercy Park - Murray Hill","Gramercy Park - Murray Hill  Manhattan","129,167","16.0","3.3","8.4","69.8","30.2"
"2011-15","UHF 42","308","4","3","Manhattan","Greenwich Village - SoHo","Greenwich Village - SoHo  Manhattan","82,305","17.8","2.5","6.7","68.8","31.2"
"2011-15","UHF 42","309","4","3","Manhattan","Union Square - Lower East Side","Union Square - Lower East Side  Manhattan","198,713","25.9","6.4","20.6","43.9","56.1"
"2011-15","UHF 42","310","4","3","Manhattan","Lower Manhattan","Lower Manhattan  Manhattan","58,084","23.0","3.9","10.9","58.5","41.5"
"2011-15","UHF 42","401","4","4","Queens","Long Island City - Astoria","Long Island City - Astoria  Queens","207,808","16.7","5.5","27.1","48.0","52.0"
"2011-15","UHF 42","402","4","4","Queens","West Queens","West Queens  Queens","472,896","25.7","5.9","51.8","14.9","85.1"
"2011-15","UHF 42","403","4","4","Queens","Flushing - Clearview","Flushing - Clearview  Queens","261,157","50.2","1.9","16.6","28.6","71.4"
"2011-15","UHF 42","404","4","4","Queens","Bayside - Little Neck","Bayside - Little Neck  Queens","90,957","42.0","1.9","11.4","42.0","58.0"
"2011-15","UHF 42","405","4","4","Queens","Ridgewood - Forest Hills","Ridgewood - Forest Hills  Queens","251,807","15.9","2.1","27.2","52.8","47.2"
"2011-15","UHF 42","406","4","4","Queens","Fresh Meadows","Fresh Meadows  Queens","100,900","36.0","7.1","16.0","38.1","61.9"
"2011-15","UHF 42","407","4","4","Queens","Southwest Queens","Southwest Queens  Queens","289,601","23.2","10.9","33.6","20.3","79.7"
"2011-15","UHF 42","408","4","4","Queens","Jamaica","Jamaica  Queens","308,284","16.9","51.3","18.3","6.7","93.3"
"2011-15","UHF 42","409","4","4","Queens","Southeast Queens","Southeast Queens  Queens","314,645","17.2","43.1","12.9","22.0","78.0"
"2011-15","UHF 42","410","4","4","Queens","Rockaways","Rockaways  Queens","118,917","3.6","35.7","23.9","34.7","65.3"
"2011-15","UHF 42","501","4","5","Staten Island","Port Richmond","Port Richmond  Staten Island","66,613","6.9","26.4","34.7","29.8","70.2"
"2011-15","UHF 42","502","4","5","Staten Island","Stapleton - St. George","Stapleton - St. George  Staten Island","123,248","9.0","17.7","22.8","47.6","52.4"
"2011-15","UHF 42","503","4","5","Staten Island","Willowbrook","Willowbrook  Staten Island","87,600","13.7","4.3","13.7","66.5","33.5"
"2011-15","UHF 42","504","4","5","Staten Island","South Beach - Tottenville","South Beach - Tottenville  Staten Island","195,020","5.1","1.1","10.8","82.1","17.9"
"2010-14","Citywide","1","0","-","-","New York City","New York City","8,354,889","13.2","22.6","28.8","32.7","67.3"
"2010-14","Borough","1","1","1","Bronx","Bronx","Bronx","1,413,566","3.5","29.8","54.3","10.5","89.5"
"2010-14","Borough","2","1","2","Brooklyn","Brooklyn","Brooklyn","2,570,801","11.1","31.6","19.7","35.7","64.3"
"2010-14","Borough","3","1","3","Manhattan","Manhattan","Manhattan","1,618,398","11.3","12.8","25.7","47.4","52.6"
"2010-14","Borough","4","1","4","Queens","Queens","Queens","2,280,602","23.8","17.5","27.8","26.5","73.5"
"2010-14","Borough","5","1","5","Staten Island","Staten Island","Staten Island","471,522","7.9","9.6","17.7","63.2","36.8"
"2010-14","UHF 42","101","4","1","Bronx","Kingsbridge - Riverdale","Kingsbridge - Riverdale  Bronx","93,173","4.7","11.2","42.7","39.4","60.6"
"2010-14","UHF 42","102","4","1","Bronx","Northeast Bronx","Northeast Bronx  Bronx","201,360","2.8","58.2","25.6","11.1","88.9"
"2010-14","UHF 42","103","4","1","Bronx","Fordham - Bronx Pk","Fordham - Bronx Pk  Bronx","248,210","4.9","24.7","60.4","8.3","91.7"
"2010-14","UHF 42","104","4","1","Bronx","Pelham - Throgs Neck","Pelham - Throgs Neck  Bronx","309,048","6.8","21.0","50.2","19.5","80.5"
"2010-14","UHF 42","105","4","1","Bronx","Crotona -Tremont","Crotona -Tremont  Bronx","208,693","1.4","27.7","67.9","1.7","98.3"
"2010-14","UHF 42","106","4","1","Bronx","High Bridge - Morrisania","High Bridge - Morrisania  Bronx","214,807","1.1","33.9","61.9","1.4","98.6"
"2010-14","UHF 42","107","4","1","Bronx","Hunts Point - Mott Haven","Hunts Point - Mott Haven  Bronx","139,194","0.7","24.8","72.1","1.4","98.6"
"2010-14","UHF 42","201","4","2","Brooklyn","Greenpoint","Greenpoint  Brooklyn","129,261","4.6","3.2","22.4","67.6","32.4"
"2010-14","UHF 42","202","4","2","Brooklyn","Downtown - Heights - Slope","Downtown - Heights - Slope  Brooklyn","243,136","7.5","13.9","18.9","56.1","43.9"
"2010-14","UHF 42","203","4","2","Brooklyn","Bedford Stuyvesant - Crown Heights","Bedford Stuyvesant - Crown Heights  Brooklyn","326,543","2.6","69.3","12.8","13.2","86.8"
"2010-14","UHF 42","204","4","2","Brooklyn","East New York","East New York  Brooklyn","185,727","2.8","55.2","37.5","3.0","97.0"
"2010-14","UHF 42","205","4","2","Brooklyn","Sunset Park","Sunset Park  Brooklyn","131,167","35.3","2.2","45.1","15.7","84.3"
"2010-14","UHF 42","206","4","2","Brooklyn","Borough Park","Borough Park  Brooklyn","341,264","21.4","3.9","13.0","60.1","39.9"
"2010-14","UHF 42","207","4","2","Brooklyn","East Flatbush - Flatbush","East Flatbush - Flatbush  Brooklyn","301,965","2.7","72.0","10.3","12.8","87.2"
"2010-14","UHF 42","208","4","2","Brooklyn","Canarsie - Flatlands","Canarsie - Flatlands  Brooklyn","206,267","3.8","63.4","8.8","22.4","77.6"
"2010-14","UHF 42","209","4","2","Brooklyn","Bensonhurst - Bay Ridge","Bensonhurst - Bay Ridge  Brooklyn","206,938","25.9","1.1","13.6","57.6","42.4"
"2010-14","UHF 42","210","4","2","Brooklyn","Coney Island - Sheepshead Bay","Coney Island - Sheepshead Bay  Brooklyn","276,322","17.3","6.3","10.7","64.2","35.8"
"2010-14","UHF 42","211","4","2","Brooklyn","Williamsburg - Bushwick","Williamsburg - Bushwick  Brooklyn","222,211","4.7","27.8","49.3","16.9","83.1"
"2010-14","UHF 42","301","4","3","Manhattan","Washington Heights","Washington Heights  Manhattan","266,451","2.5","12.1","66.6","16.6","83.4"
"2010-14","UHF 42","302","4","3","Manhattan","Central Harlem - Morningside Heights","Central Harlem - Morningside Heights  Manhattan","174,952","5.3","52.4","23.8","15.4","84.6"
"2010-14","UHF 42","303","4","3","Manhattan","East Harlem","East Harlem  Manhattan","112,617","7.3","29.2","47.4","13.8","86.2"
"2010-14","UHF 42","304","4","3","Manhattan","Upper West Side","Upper West Side  Manhattan","222,907","8.8","6.3","15.6","66.7","33.3"
"2010-14","UHF 42","305","4","3","Manhattan","Upper East Side","Upper East Side  Manhattan","220,198","9.2","2.9","7.9","77.7","22.3"
"2010-14","UHF 42","306","4","3","Manhattan","Chelsea - Clinton","Chelsea - Clinton  Manhattan","146,650","14.7","5.4","14.4","62.4","37.6"
"2010-14","UHF 42","307","4","3","Manhattan","Gramercy Park - Murray Hill","Gramercy Park - Murray Hill  Manhattan","126,797","15.3","3.6","8.8","69.5","30.5"
"2010-14","UHF 42","308","4","3","Manhattan","Greenwich Village - SoHo","Greenwich Village - SoHo  Manhattan","83,618","17.2","2.4","6.5","70.2","29.8"
"2010-14","UHF 42","309","4","3","Manhattan","Union Square - Lower East Side","Union Square - Lower East Side  Manhattan","198,768","25.9","5.7","20.4","44.8","55.2"
"2010-14","UHF 42","310","4","3","Manhattan","Lower Manhattan","Lower Manhattan  Manhattan","56,009","23.0","3.8","11.9","57.7","42.3"
"2010-14","UHF 42","401","4","4","Queens","Long Island City - Astoria","Long Island City - Astoria  Queens","204,942","16.0","5.8","27.7","47.9","52.1"
"2010-14","UHF 42","402","4","4","Queens","West Queens","West Queens  Queens","470,226","25.8","6.0","51.2","15.1","84.9"
"2010-14","UHF 42","403","4","4","Queens","Flushing - Clearview","Flushing - Clearview  Queens","262,170","49.3","1.8","16.5","29.8","70.2"
"2010-14","UHF 42","404","4","4","Queens","Bayside - Little Neck","Bayside - Little Neck  Queens","90,776","41.7","1.9","11.6","41.9","58.1"
"2010-14","UHF 42","405","4","4","Queens","Ridgewood - Forest Hills","Ridgewood - Forest Hills  Queens","247,301","15.6","1.9","27.4","53.4","46.6"
"2010-14","UHF 42","406","4","4","Queens","Fresh Meadows","Fresh Meadows  Queens","97,866","34.7","6.7","16.0","39.7","60.3"
"2010-14","UHF 42","407","4","4","Queens","Southwest Queens","Southwest Queens  Queens","283,319","22.8","10.9","32.7","20.9","79.1"
"2010-14","UHF 42","408","4","4","Queens","Jamaica","Jamaica  Queens","308,623","16.3","51.4","19.7","6.6","93.4"
"2010-14","UHF 42","409","4","4","Queens","Southeast Queens","Southeast Queens  Queens","313,260","17.1","43.8","12.3","22.3","77.7"
"2010-14","UHF 42","410","4","4","Queens","Rockaways","Rockaways  Queens","117,470","3.1","35.9","22.8","35.8","64.2"
"2010-14","UHF 42","501","4","5","Staten Island","Port Richmond","Port Richmond  Staten Island","67,110","6.5","26.5","35.0","30.0","70.0"
"2010-14","UHF 42","502","4","5","Staten Island","Stapleton - St. George","Stapleton - St. George  Staten Island","122,702","9.2","17.2","23.1","47.7","52.3"
"2010-14","UHF 42","503","4","5","Staten Island","Willowbrook","Willowbrook  Staten Island","87,524","14.0","4.1","12.5","67.8","32.2"
"2010-14","UHF 42","504","4","5","Staten Island","South Beach - Tottenville","South Beach - Tottenville  Staten Island","194,186","4.7","1.4","10.6","82.5","17.5"
"2009-13","Citywide","1","0","-","-","New York City","New York City","8,268,999","12.9","22.7","28.7","33.1","66.9"
"2009-13","Borough","1","1","1","Bronx","Bronx","Bronx","1,397,315","3.5","30.0","53.9","10.7","89.3"
"2009-13","Borough","2","1","2","Brooklyn","Brooklyn","Brooklyn","2,539,789","10.8","31.9","19.7","35.8","64.2"
"2009-13","Borough","3","1","3","Manhattan","Manhattan","Manhattan","1,605,272","11.2","12.9","25.6","47.7","52.3"
"2009-13","Borough","4","1","4","Queens","Queens","Queens","2,256,400","23.5","17.6","27.7","27.1","72.9"
"2009-13","Borough","5","1","5","Staten Island","Staten Island","Staten Island","470,223","7.8","9.7","17.4","63.7","36.3"
"2009-13","UHF 42","101","4","1","Bronx","Kingsbridge - Riverdale","Kingsbridge - Riverdale  Bronx","92,450","4.6","10.6","42.5","40.0","60.0"
"2009-13","UHF 42","102","4","1","Bronx","Northeast Bronx","Northeast Bronx  Bronx","200,533","2.6","59.2","24.9","11.3","88.7"
"2009-13","UHF 42","103","4","1","Bronx","Fordham - Bronx Pk","Fordham - Bronx Pk  Bronx","245,435","4.6","26.1","58.9","8.6","91.4"
"2009-13","UHF 42","104","4","1","Bronx","Pelham - Throgs Neck","Pelham - Throgs Neck  Bronx","305,767","7.0","20.5","50.4","19.7","80.3"
"2009-13","UHF 42","105","4","1","Bronx","Crotona -Tremont","Crotona -Tremont  Bronx","206,159","1.6","27.3","67.9","1.7","98.3"
"2009-13","UHF 42","106","4","1","Bronx","High Bridge - Morrisania","High Bridge - Morrisania  Bronx","209,723","1.3","33.8","62.0","1.4","98.6"
"2009-13","UHF 42","107","4","1","Bronx","Hunts Point - Mott Haven","Hunts Point - Mott Haven  Bronx","137,161","0.5","24.5","72.2","1.8","98.2"
"2009-13","UHF 42","201","4","2","Brooklyn","Greenpoint","Greenpoint  Brooklyn","127,457","4.1","2.7","23.3","68.0","32.0"
"2009-13","UHF 42","202","4","2","Brooklyn","Downtown - Heights - Slope","Downtown - Heights - Slope  Brooklyn","239,485","7.0","14.0","19.2","56.2","43.8"
"2009-13","UHF 42","203","4","2","Brooklyn","Bedford Stuyvesant - Crown Heights","Bedford Stuyvesant - Crown Heights  Brooklyn","320,856","2.6","70.1","12.2","13.0","87.0"
"2009-13","UHF 42","204","4","2","Brooklyn","East New York","East New York  Brooklyn","185,598","2.9","54.9","37.8","2.8","97.2"
"2009-13","UHF 42","205","4","2","Brooklyn","Sunset Park","Sunset Park  Brooklyn","131,913","35.9","2.3","43.7","16.2","83.8"
"2009-13","UHF 42","206","4","2","Brooklyn","Borough Park","Borough Park  Brooklyn","336,911","21.0","4.2","13.1","60.2","39.8"
"2009-13","UHF 42","207","4","2","Brooklyn","East Flatbush - Flatbush","East Flatbush - Flatbush  Brooklyn","302,381","2.5","72.8","10.0","12.8","87.2"
"2009-13","UHF 42","208","4","2","Brooklyn","Canarsie - Flatlands","Canarsie - Flatlands  Brooklyn","204,355","3.4","62.9","8.9","23.3","76.7"
"2009-13","UHF 42","209","4","2","Brooklyn","Bensonhurst - Bay Ridge","Bensonhurst - Bay Ridge  Brooklyn","199,708","24.3","1.1","13.1","59.9","40.1"
"2009-13","UHF 42","210","4","2","Brooklyn","Coney Island - Sheepshead Bay","Coney Island - Sheepshead Bay  Brooklyn","272,801","17.4","6.5","10.0","64.8","35.2"
"2009-13","UHF 42","211","4","2","Brooklyn","Williamsburg - Bushwick","Williamsburg - Bushwick  Brooklyn","218,324","4.6","27.4","51.3","15.4","84.6"
"2009-13","UHF 42","301","4","3","Manhattan","Washington Heights","Washington Heights  Manhattan","263,511","2.4","12.1","66.9","16.6","83.4"
"2009-13","UHF 42","302","4","3","Manhattan","Central Harlem - Morningside Heights","Central Harlem - Morningside Heights  Manhattan","172,914","5.2","53.5","22.7","15.7","84.3"
"2009-13","UHF 42","303","4","3","Manhattan","East Harlem","East Harlem  Manhattan","110,942","7.3","28.3","47.9","14.1","85.9"
"2009-13","UHF 42","304","4","3","Manhattan","Upper West Side","Upper West Side  Manhattan","222,987","8.8","6.6","15.0","67.0","33.0"
"2009-13","UHF 42","305","4","3","Manhattan","Upper East Side","Upper East Side  Manhattan","216,597","8.5","3.2","7.7","78.5","21.5"
"2009-13","UHF 42","306","4","3","Manhattan","Chelsea - Clinton","Chelsea - Clinton  Manhattan","142,682","13.6","5.5","14.7","63.0","37.0"
"2009-13","UHF 42","307","4","3","Manhattan","Gramercy Park - Murray Hill","Gramercy Park - Murray Hill  Manhattan","127,613","14.4","3.3","8.8","70.9","29.1"
"2009-13","UHF 42","308","4","3","Manhattan","Greenwich Village - SoHo","Greenwich Village - SoHo  Manhattan","82,807","18.2","2.5","6.0","69.8","30.2"
"2009-13","UHF 42","309","4","3","Manhattan","Union Square - Lower East Side","Union Square - Lower East Side  Manhattan","202,311","26.5","5.6","20.4","44.4","55.6"
"2009-13","UHF 42","310","4","3","Manhattan","Lower Manhattan","Lower Manhattan  Manhattan","53,645","23.6","3.8","11.9","57.5","42.5"
"2009-13","UHF 42","401","4","4","Queens","Long Island City - Astoria","Long Island City - Astoria  Queens","200,123","16.2","5.6","27.3","48.6","51.4"
"2009-13","UHF 42","402","4","4","Queens","West Queens","West Queens  Queens","467,030","25.5","5.9","51.1","15.7","84.3"
"2009-13","UHF 42","403","4","4","Queens","Flushing - Clearview","Flushing - Clearview  Queens","261,570","48.3","1.8","16.9","30.2","69.8"
"2009-13","UHF 42","404","4","4","Queens","Bayside - Little Neck","Bayside - Little Neck  Queens","90,567","40.6","2.0","11.0","43.8","56.2"
"2009-13","UHF 42","405","4","4","Queens","Ridgewood - Forest Hills","Ridgewood - Forest Hills  Queens","247,255","15.2","1.9","27.3","53.9","46.1"
"2009-13","UHF 42","406","4","4","Queens","Fresh Meadows","Fresh Meadows  Queens","96,445","34.3","6.9","15.6","40.0","60.0"
"2009-13","UHF 42","407","4","4","Queens","Southwest Queens","Southwest Queens  Queens","281,251","22.1","11.5","32.9","21.2","78.8"
"2009-13","UHF 42","408","4","4","Queens","Jamaica","Jamaica  Queens","297,436","15.6","52.4","18.7","7.1","92.9"
"2009-13","UHF 42","409","4","4","Queens","Southeast Queens","Southeast Queens  Queens","312,983","16.9","43.5","12.4","23.0","77.0"
"2009-13","UHF 42","410","4","4","Queens","Rockaways","Rockaways  Queens","116,048","2.8","36.5","22.1","36.5","63.5"
"2009-13","UHF 42","501","4","5","Staten Island","Port Richmond","Port Richmond  Staten Island","66,575","6.1","26.3","34.4","31.1","68.9"
"2009-13","UHF 42","502","4","5","Staten Island","Stapleton - St. George","Stapleton - St. George  Staten Island","123,975","9.4","17.8","22.3","48.3","51.7"
"2009-13","UHF 42","503","4","5","Staten Island","Willowbrook","Willowbrook  Staten Island","87,276","13.9","3.9","12.4","68.4","31.6"
"2009-13","UHF 42","504","4","5","Staten Island","South Beach - Tottenville","South Beach - Tottenville  Staten Island","192,397","4.5","1.3","10.7","82.8","17.2"
"2008-12","Citywide","1","0","-","-","New York City","New York City","8,199,221","12.8","22.9","28.6","33.3","66.7"
"2008-12","Borough","1","1","1","Bronx","Bronx","Bronx","1,386,364","3.5","30.3","53.5","10.9","89.1"
"2008-12","Borough","2","1","2","Brooklyn","Brooklyn","Brooklyn","2,512,740","10.6","32.2","19.8","35.7","64.3"
"2008-12","Borough","3","1","3","Manhattan","Manhattan","Manhattan","1,596,735","11.1","13.0","25.6","47.7","52.3"
"2008-12","Borough","4","1","4","Queens","Queens","Queens","2,235,008","23.2","17.7","27.5","27.6","72.4"
"2008-12","Borough","5","1","5","Staten Island","Staten Island","Staten Island","468,374","7.6","9.5","17.2","64.2","35.8"
"2008-12","UHF 42","101","4","1","Bronx","Kingsbridge - Riverdale","Kingsbridge - Riverdale  Bronx","91,163","4.6","10.5","41.9","41.0","59.0"
"2008-12","UHF 42","102","4","1","Bronx","Northeast Bronx","Northeast Bronx  Bronx","200,483","3.0","60.3","23.8","11.4","88.6"
"2008-12","UHF 42","103","4","1","Bronx","Fordham - Bronx Pk","Fordham - Bronx Pk  Bronx","244,435","4.8","26.2","58.3","8.8","91.2"
"2008-12","UHF 42","104","4","1","Bronx","Pelham - Throgs Neck","Pelham - Throgs Neck  Bronx","301,497","6.9","20.1","50.3","20.1","79.9"
"2008-12","UHF 42","105","4","1","Bronx","Crotona -Tremont","Crotona -Tremont  Bronx","204,565","1.3","27.4","68.3","1.8","98.2"
"2008-12","UHF 42","106","4","1","Bronx","High Bridge - Morrisania","High Bridge - Morrisania  Bronx","208,247","1.0","34.8","61.3","1.4","98.6"
"2008-12","UHF 42","107","4","1","Bronx","Hunts Point - Mott Haven","Hunts Point - Mott Haven  Bronx","135,687","0.7","24.0","72.3","1.8","98.2"
"2008-12","UHF 42","201","4","2","Brooklyn","Greenpoint","Greenpoint  Brooklyn","124,228","3.8","2.6","23.3","68.3","31.7"
"2008-12","UHF 42","202","4","2","Brooklyn","Downtown - Heights - Slope","Downtown - Heights - Slope  Brooklyn","232,353","6.9","14.7","19.1","56.2","43.8"
"2008-12","UHF 42","203","4","2","Brooklyn","Bedford Stuyvesant - Crown Heights","Bedford Stuyvesant - Crown Heights  Brooklyn","316,118","2.5","70.7","12.5","12.3","87.7"
"2008-12","UHF 42","204","4","2","Brooklyn","East New York","East New York  Brooklyn","186,052","2.9","54.5","38.0","2.9","97.1"
"2008-12","UHF 42","205","4","2","Brooklyn","Sunset Park","Sunset Park  Brooklyn","129,179","35.3","2.3","43.3","17.3","82.7"
"2008-12","UHF 42","206","4","2","Brooklyn","Borough Park","Borough Park  Brooklyn","334,688","20.7","4.5","12.8","60.7","39.3"
"2008-12","UHF 42","207","4","2","Brooklyn","East Flatbush - Flatbush","East Flatbush - Flatbush  Brooklyn","303,707","2.5","72.3","10.7","12.4","87.6"
"2008-12","UHF 42","208","4","2","Brooklyn","Canarsie - Flatlands","Canarsie - Flatlands  Brooklyn","205,324","3.1","62.5","9.0","24.0","76.0"
"2008-12","UHF 42","209","4","2","Brooklyn","Bensonhurst - Bay Ridge","Bensonhurst - Bay Ridge  Brooklyn","197,258","23.5","1.1","13.4","60.7","39.3"
"2008-12","UHF 42","210","4","2","Brooklyn","Coney Island - Sheepshead Bay","Coney Island - Sheepshead Bay  Brooklyn","270,462","17.2","6.7","10.4","64.4","35.6"
"2008-12","UHF 42","211","4","2","Brooklyn","Williamsburg - Bushwick","Williamsburg - Bushwick  Brooklyn","213,371","4.6","28.6","51.5","14.2","85.8"
"2008-12","UHF 42","301","4","3","Manhattan","Washington Heights","Washington Heights  Manhattan","263,281","2.3","12.9","66.7","16.1","83.9"
"2008-12","UHF 42","302","4","3","Manhattan","Central Harlem - Morningside Heights","Central Harlem - Morningside Heights  Manhattan","169,650","5.1","54.1","22.6","15.0","85.0"
"2008-12","UHF 42","303","4","3","Manhattan","East Harlem","East Harlem  Manhattan","113,740","6.6","28.5","49.6","13.3","86.7"
"2008-12","UHF 42","304","4","3","Manhattan","Upper West Side","Upper West Side  Manhattan","221,246","8.1","6.7","15.0","67.7","32.3"
"2008-12","UHF 42","305","4","3","Manhattan","Upper East Side","Upper East Side  Manhattan","218,744","8.8","3.1","7.3","78.7","21.3"
"2008-12","UHF 42","306","4","3","Manhattan","Chelsea - Clinton","Chelsea - Clinton  Manhattan","141,346","13.4","5.0","15.2","63.4","36.6"
"2008-12","UHF 42","307","4","3","Manhattan","Gramercy Park - Murray Hill","Gramercy Park - Murray Hill  Manhattan","127,474","13.4","3.3","8.0","73.1","26.9"
"2008-12","UHF 42","308","4","3","Manhattan","Greenwich Village - SoHo","Greenwich Village - SoHo  Manhattan","81,686","19.5","2.4","5.5","69.4","30.6"
"2008-12","UHF 42","309","4","3","Manhattan","Union Square - Lower East Side","Union Square - Lower East Side  Manhattan","199,334","27.2","5.6","20.0","44.5","55.5"
"2008-12","UHF 42","310","4","3","Manhattan","Lower Manhattan","Lower Manhattan  Manhattan","50,547","22.7","4.0","12.8","57.6","42.4"
"2008-12","UHF 42","401","4","4","Queens","Long Island City - Astoria","Long Island City - Astoria  Queens","198,860","15.4","5.3","28.8","48.2","51.8"
"2008-12","UHF 42","402","4","4","Queens","West Queens","West Queens  Queens","462,159","25.6","5.9","50.2","16.5","83.5"
"2008-12","UHF 42","403","4","4","Queens","Flushing - Clearview","Flushing - Clearview  Queens","262,964","47.6","1.9","16.3","31.5","68.5"
"2008-12","UHF 42","404","4","4","Queens","Bayside - Little Neck","Bayside - Little Neck  Queens","89,965","38.7","2.5","11.0","45.3","54.7"
"2008-12","UHF 42","405","4","4","Queens","Ridgewood - Forest Hills","Ridgewood - Forest Hills  Queens","247,417","15.3","1.9","27.4","53.8","46.2"
"2008-12","UHF 42","406","4","4","Queens","Fresh Meadows","Fresh Meadows  Queens","94,537","34.3","7.3","15.7","40.1","59.9"
"2008-12","UHF 42","407","4","4","Queens","Southwest Queens","Southwest Queens  Queens","278,573","21.9","11.4","33.6","21.6","78.4"
"2008-12","UHF 42","408","4","4","Queens","Jamaica","Jamaica  Queens","289,199","15.7","53.5","17.8","7.1","92.9"
"2008-12","UHF 42","409","4","4","Queens","Southeast Queens","Southeast Queens  Queens","310,833","16.1","43.8","12.1","24.1","75.9"
"2008-12","UHF 42","410","4","4","Queens","Rockaways","Rockaways  Queens","115,352","2.0","37.8","22.1","35.7","64.3"
"2008-12","UHF 42","501","4","5","Staten Island","Port Richmond","Port Richmond  Staten Island","66,477","6.1","25.5","34.6","31.6","68.4"
"2008-12","UHF 42","502","4","5","Staten Island","Stapleton - St. George","Stapleton - St. George  Staten Island","122,005","9.4","17.9","21.5","49.3","50.7"
"2008-12","UHF 42","503","4","5","Staten Island","Willowbrook","Willowbrook  Staten Island","87,921","13.6","3.4","13.2","68.4","31.6"
"2008-12","UHF 42","504","4","5","Staten Island","South Beach - Tottenville","South Beach - Tottenville  Staten Island","191,971","4.3","1.5","10.2","83.0","17.0"
"2007-11","Citywide","1","0","-","-","New York City","New York City","8,128,980","12.6","23.1","28.4","33.5","66.5"
"2007-11","Borough","1","1","1","Bronx","Bronx","Bronx","1,374,593","3.5","30.4","53.0","11.2","88.8"
"2007-11","Borough","2","1","2","Brooklyn","Brooklyn","Brooklyn","2,486,119","10.3","32.5","19.8","35.7","64.3"
"2007-11","Borough","3","1","3","Manhattan","Manhattan","Manhattan","1,588,257","11.0","13.1","25.6","47.8","52.2"
"2007-11","Borough","4","1","4","Queens","Queens","Queens","2,213,977","23.0","17.9","27.3","28.1","71.9"
"2007-11","Borough","5","1","5","Staten Island","Staten Island","Staten Island","466,034","7.6","9.5","16.8","64.7","35.3"
"2007-11","UHF 42","101","4","1","Bronx","Kingsbridge - Riverdale","Kingsbridge - Riverdale  Bronx","90,567","4.4","10.6","41.3","41.4","58.6"
"2007-11","UHF 42","102","4","1","Bronx","Northeast Bronx","Northeast Bronx  Bronx","200,571","2.8","58.9","24.2","11.8","88.2"
"2007-11","UHF 42","103","4","1","Bronx","Fordham - Bronx Pk","Fordham - Bronx Pk  Bronx","241,007","4.2","26.2","58.4","9.1","90.9"
"2007-11","UHF 42","104","4","1","Bronx","Pelham - Throgs Neck","Pelham - Throgs Neck  Bronx","297,602","7.0","20.3","49.2","21.0","79.0"
"2007-11","UHF 42","105","4","1","Bronx","Crotona -Tremont","Crotona -Tremont  Bronx","203,982","1.7","28.7","66.7","1.7","98.3"
"2007-11","UHF 42","106","4","1","Bronx","High Bridge - Morrisania","High Bridge - Morrisania  Bronx","204,821","1.3","34.8","61.0","1.2","98.8"
"2007-11","UHF 42","107","4","1","Bronx","Hunts Point - Mott Haven","Hunts Point - Mott Haven  Bronx","133,949","0.5","24.3","72.5","1.6","98.4"
"2007-11","UHF 42","201","4","2","Brooklyn","Greenpoint","Greenpoint  Brooklyn","124,004","3.9","2.6","23.5","68.3","31.7"
"2007-11","UHF 42","202","4","2","Brooklyn","Downtown - Heights - Slope","Downtown - Heights - Slope  Brooklyn","229,931","6.5","15.1","18.9","56.2","43.8"
"2007-11","UHF 42","203","4","2","Brooklyn","Bedford Stuyvesant - Crown Heights","Bedford Stuyvesant - Crown Heights  Brooklyn","312,762","2.4","71.6","12.6","11.4","88.6"
"2007-11","UHF 42","204","4","2","Brooklyn","East New York","East New York  Brooklyn","183,123","3.1","53.3","38.8","2.9","97.1"
"2007-11","UHF 42","205","4","2","Brooklyn","Sunset Park","Sunset Park  Brooklyn","127,465","33.8","2.6","44.5","17.2","82.8"
"2007-11","UHF 42","206","4","2","Brooklyn","Borough Park","Borough Park  Brooklyn","335,341","20.1","4.7","12.9","61.0","39.0"
"2007-11","UHF 42","207","4","2","Brooklyn","East Flatbush - Flatbush","East Flatbush - Flatbush  Brooklyn","303,254","2.4","73.5","10.1","12.2","87.8"
"2007-11","UHF 42","208","4","2","Brooklyn","Canarsie - Flatlands","Canarsie - Flatlands  Brooklyn","202,336","3.3","61.6","8.9","24.6","75.4"
"2007-11","UHF 42","209","4","2","Brooklyn","Bensonhurst - Bay Ridge","Bensonhurst - Bay Ridge  Brooklyn","192,615","23.4","1.1","12.5","61.7","38.3"
"2007-11","UHF 42","210","4","2","Brooklyn","Coney Island - Sheepshead Bay","Coney Island - Sheepshead Bay  Brooklyn","266,450","16.9","6.7","10.6","64.6","35.4"
"2007-11","UHF 42","211","4","2","Brooklyn","Williamsburg - Bushwick","Williamsburg - Bushwick  Brooklyn","208,838","4.5","29.3","51.8","13.3","86.7"
"2007-11","UHF 42","301","4","3","Manhattan","Washington Heights","Washington Heights  Manhattan","264,239","2.3","12.7","67.0","16.0","84.0"
"2007-11","UHF 42","302","4","3","Manhattan","Central Harlem - Morningside Heights","Central Harlem - Morningside Heights  Manhattan","166,792","4.7","54.7","22.2","15.1","84.9"
"2007-11","UHF 42","303","4","3","Manhattan","East Harlem","East Harlem  Manhattan","113,741","6.4","29.2","50.7","11.9","88.1"
"2007-11","UHF 42","304","4","3","Manhattan","Upper West Side","Upper West Side  Manhattan","220,818","8.2","6.7","14.5","68.2","31.8"
"2007-11","UHF 42","305","4","3","Manhattan","Upper East Side","Upper East Side  Manhattan","216,966","8.5","2.9","7.3","79.5","20.5"
"2007-11","UHF 42","306","4","3","Manhattan","Chelsea - Clinton","Chelsea - Clinton  Manhattan","140,604","13.3","5.3","14.9","63.7","36.3"
"2007-11","UHF 42","307","4","3","Manhattan","Gramercy Park - Murray Hill","Gramercy Park - Murray Hill  Manhattan","127,158","13.1","3.0","8.9","72.8","27.2"
"2007-11","UHF 42","308","4","3","Manhattan","Greenwich Village - SoHo","Greenwich Village - SoHo  Manhattan","81,969","19.5","2.4","5.6","69.6","30.4"
"2007-11","UHF 42","309","4","3","Manhattan","Union Square - Lower East Side","Union Square - Lower East Side  Manhattan","198,860","27.6","5.7","19.8","44.2","55.8"
"2007-11","UHF 42","310","4","3","Manhattan","Lower Manhattan","Lower Manhattan  Manhattan","48,451","23.6","4.5","11.6","56.7","43.3"
"2007-11","UHF 42","401","4","4","Queens","Long Island City - Astoria","Long Island City - Astoria  Queens","197,292","16.3","5.1","28.4","47.9","52.1"
"2007-11","UHF 42","402","4","4","Queens","West Queens","West Queens  Queens","462,257","25.7","6.1","50.0","16.5","83.5"
"2007-11","UHF 42","403","4","4","Queens","Flushing - Clearview","Flushing - Clearview  Queens","257,413","46.5","2.0","16.0","33.1","66.9"
"2007-11","UHF 42","404","4","4","Queens","Bayside - Little Neck","Bayside - Little Neck  Queens","88,842","36.9","1.9","11.4","47.7","52.3"
"2007-11","UHF 42","405","4","4","Queens","Ridgewood - Forest Hills","Ridgewood - Forest Hills  Queens","245,978","15.6","1.9","26.9","53.8","46.2"
"2007-11","UHF 42","406","4","4","Queens","Fresh Meadows","Fresh Meadows  Queens","94,278","33.4","8.8","15.0","40.7","59.3"
"2007-11","UHF 42","407","4","4","Queens","Southwest Queens","Southwest Queens  Queens","273,298","21.2","12.1","33.3","22.7","77.3"
"2007-11","UHF 42","408","4","4","Queens","Jamaica","Jamaica  Queens","285,348","15.5","53.6","17.8","7.5","92.5"
"2007-11","UHF 42","409","4","4","Queens","Southeast Queens","Southeast Queens  Queens","311,526","16.2","43.9","11.8","24.7","75.3"
"2007-11","UHF 42","410","4","4","Queens","Rockaways","Rockaways  Queens","113,026","1.7","37.9","21.7","37.0","63.0"
"2007-11","UHF 42","501","4","5","Staten Island","Port Richmond","Port Richmond  Staten Island","67,875","6.7","26.6","32.3","31.9","68.1"
"2007-11","UHF 42","502","4","5","Staten Island","Stapleton - St. George","Stapleton - St. George  Staten Island","120,386","9.8","17.1","21.5","49.9","50.1"
"2007-11","UHF 42","503","4","5","Staten Island","Willowbrook","Willowbrook  Staten Island","87,662","12.9","3.1","12.0","70.7","29.3"
"2007-11","UHF 42","504","4","5","Staten Island","South Beach - Tottenville","South Beach - Tottenville  Staten Island","190,111","4.1","1.6","10.5","83.1","16.9"