"TimePeriod","GeoTypeDesc","GeoID","GeoRank","BoroID","Borough","Geography","Area","Number","Percent"
"2017-21","UHF 42","101","4","1","Bronx","Kingsbridge - Riverdale","Kingsbridge - Riverdale  Bronx","3,172","8.1"
"2017-21","UHF 42","102","4","1","Bronx","Northeast Bronx","Northeast Bronx  Bronx","5,394","7.3"
"2017-21","UHF 42","103","4","1","Bronx","Fordham - Bronx Pk","Fordham - Bronx Pk  Bronx","16,030","16.9"
"2017-21","UHF 42","104","4","1","Bronx","Pelham - Throgs Neck","Pelham - Throgs Neck  Bronx","10,751","9.7"
"2017-21","UHF 42","105","4","1","Bronx","Crotona -Tremont","Crotona -Tremont  Bronx","10,885","14.5"
"2017-21","UHF 42","106","4","1","Bronx","High Bridge - Morrisania","High Bridge - Morrisania  Bronx","12,303","15.4"
"2017-21","UHF 42","107","4","1","Bronx","Hunts Point - Mott Haven","Hunts Point - Mott Haven  Bronx","6,898","13.5"
"2017-21","UHF 42","201","4","2","Brooklyn","Greenpoint","Greenpoint  Brooklyn","2,666","6.0"
"2017-21","UHF 42","202","4","2","Brooklyn","Downtown - Heights - Slope","Downtown - Heights - Slope  Brooklyn","6,995","6.2"
"2017-21","UHF 42","203","4","2","Brooklyn","Bedford Stuyvesant - Crown Heights","Bedford Stuyvesant - Crown Heights  Brooklyn","7,902","5.6"
"2017-21","UHF 42","204","4","2","Brooklyn","East New York","East New York  Brooklyn","9,508","14.1"
"2017-21","UHF 42","205","4","2","Brooklyn","Sunset Park","Sunset Park  Brooklyn","7,825","21.3"
"2017-21","UHF 42","206","4","2","Brooklyn","Borough Park","Borough Park  Brooklyn","19,787","18.5"
"2017-21","UHF 42","207","4","2","Brooklyn","East Flatbush - Flatbush","East Flatbush - Flatbush  Brooklyn","9,539","8.5"
"2017-21","UHF 42","208","4","2","Brooklyn","Canarsie - Flatlands","Canarsie - Flatlands  Brooklyn","4,269","5.8"
"2017-21","UHF 42","209","4","2","Brooklyn","Bensonhurst - Bay Ridge","Bensonhurst - Bay Ridge  Brooklyn","7,613","9.8"
"2017-21","UHF 42","210","4","2","Brooklyn","Coney Island - Sheepshead Bay","Coney Island - Sheepshead Bay  Brooklyn","11,611","10.3"
"2017-21","UHF 42","211","4","2","Brooklyn","Williamsburg - Bushwick","Williamsburg - Bushwick  Brooklyn","7,765","9.4"
"2017-21","UHF 42","301","4","3","Manhattan","Washington Heights","Washington Heights  Manhattan","9,324","9.7"
"2017-21","UHF 42","302","4","3","Manhattan","Central Harlem - Morningside Heights","Central Harlem - Morningside Heights  Manhattan","4,203","5.7"
"2017-21","UHF 42","303","4","3","Manhattan","East Harlem","East Harlem  Manhattan","3,544","7.5"
"2017-21","UHF 42","304","4","3","Manhattan","Upper West Side","Upper West Side  Manhattan","5,202","4.8"
"2017-21","UHF 42","305","4","3","Manhattan","Upper East Side","Upper East Side  Manhattan","4,876","4.4"
"2017-21","UHF 42","306","4","3","Manhattan","Chelsea - Clinton","Chelsea - Clinton  Manhattan","3,984","4.3"
"2017-21","UHF 42","307","4","3","Manhattan","Gramercy Park - Murray Hill","Gramercy Park - Murray Hill  Manhattan","2,761","3.7"
"2017-21","UHF 42","308","4","3","Manhattan","Greenwich Village - SoHo","Greenwich Village - SoHo  Manhattan","1,815","4.3"
"2017-21","UHF 42","309","4","3","Manhattan","Union Square - Lower East Side","Union Square - Lower East Side  Manhattan","4,602","5.2"
"2017-21","UHF 42","310","4","3","Manhattan","Lower Manhattan","Lower Manhattan  Manhattan","2,632","8.9"
"2017-21","UHF 42","401","4","4","Queens","Long Island City - Astoria","Long Island City - Astoria  Queens","7,352","8.0"
"2017-21","UHF 42","402","4","4","Queens","West Queens","West Queens  Queens","25,680","17.3"
"2017-21","UHF 42","403","4","4","Queens","Flushing - Clearview","Flushing - Clearview  Queens","8,369","8.8"
"2017-21","UHF 42","404","4","4","Queens","Bayside - Little Neck","Bayside - Little Neck  Queens","1,378","4.0"
"2017-21","UHF 42","405","4","4","Queens","Ridgewood - Forest Hills","Ridgewood - Forest Hills  Queens","7,253","7.0"
"2017-21","UHF 42","406","4","4","Queens","Fresh Meadows","Fresh Meadows  Queens","2,746","7.8"
"2017-21","UHF 42","407","4","4","Queens","Southwest Queens","Southwest Queens  Queens","7,568","8.8"
"2017-21","UHF 42","408","4","4","Queens","Jamaica","Jamaica  Queens","10,528","10.6"
"2017-21","UHF 42","409","4","4","Queens","Southeast Queens","Southeast Queens  Queens","4,260","4.3"
"2017-21","UHF 42","410","4","4","Queens","Rockaways","Rockaways  Queens","3,883","8.7"
"2017-21","UHF 42","501","4","5","Staten Island","Port Richmond","Port Richmond  Staten Island","1,520","6.6"
"2017-21","UHF 42","502","4","5","Staten Island","Stapleton - St. George","Stapleton - St. George  Staten Island","2,986","6.6"
"2017-21","UHF 42","503","4","5","Staten Island","Willowbrook","Willowbrook  Staten Island","1,513","4.8"
"2017-21","UHF 42","504","4","5","Staten Island","South Beach - Tottenville","South Beach - Tottenville  Staten Island","1,868","2.7"
"2016-20","UHF 42","101","4","1","Bronx","Kingsbridge - Riverdale","Kingsbridge - Riverdale  Bronx","2,681","7.0"
"2016-20","UHF 42","102","4","1","Bronx","Northeast Bronx","Northeast Bronx  Bronx","5,126","7.1"
"2016-20","UHF 42","103","4","1","Bronx","Fordham - Bronx Pk","Fordham - Bronx Pk  Bronx","16,007","17.2"
"2016-20","UHF 42","104","4","1","Bronx","Pelham - Throgs Neck","Pelham - Throgs Neck  Bronx","10,829","9.8"
"2016-20","UHF 42","105","4","1","Bronx","Crotona -Tremont","Crotona -Tremont  Bronx","10,979","15.3"
"2016-20","UHF 42","106","4","1","Bronx","High Bridge - Morrisania","High Bridge - Morrisania  Bronx","11,557","14.7"
"2016-20","UHF 42","107","4","1","Bronx","Hunts Point - Mott Haven","Hunts Point - Mott Haven  Bronx","6,747","13.8"
"2016-20","UHF 42","201","4","2","Brooklyn","Greenpoint","Greenpoint  Brooklyn","4,813","8.2"
"2016-20","UHF 42","202","4","2","Brooklyn","Downtown - Heights - Slope","Downtown - Heights - Slope  Brooklyn","6,804","6.2"
"2016-20","UHF 42","203","4","2","Brooklyn","Bedford Stuyvesant - Crown Heights","Bedford Stuyvesant - Crown Heights  Brooklyn","8,398","6.0"
"2016-20","UHF 42","204","4","2","Brooklyn","East New York","East New York  Brooklyn","9,455","13.8"
"2016-20","UHF 42","205","4","2","Brooklyn","Sunset Park","Sunset Park  Brooklyn","7,847","21.3"
"2016-20","UHF 42","206","4","2","Brooklyn","Borough Park","Borough Park  Brooklyn","18,342","17.7"
"2016-20","UHF 42","207","4","2","Brooklyn","East Flatbush - Flatbush","East Flatbush - Flatbush  Brooklyn","10,370","9.2"
"2016-20","UHF 42","208","4","2","Brooklyn","Canarsie - Flatlands","Canarsie - Flatlands  Brooklyn","4,505","6.2"
"2016-20","UHF 42","209","4","2","Brooklyn","Bensonhurst - Bay Ridge","Bensonhurst - Bay Ridge  Brooklyn","7,482","9.8"
"2016-20","UHF 42","210","4","2","Brooklyn","Coney Island - Sheepshead Bay","Coney Island - Sheepshead Bay  Brooklyn","10,522","9.5"
"2016-20","UHF 42","211","4","2","Brooklyn","Williamsburg - Bushwick","Williamsburg - Bushwick  Brooklyn","7,848","9.6"
"2016-20","UHF 42","301","4","3","Manhattan","Washington Heights","Washington Heights  Manhattan","9,587","10.1"
"2016-20","UHF 42","302","4","3","Manhattan","Central Harlem - Morningside Heights","Central Harlem - Morningside Heights  Manhattan","4,370","6.0"
"2016-20","UHF 42","303","4","3","Manhattan","East Harlem","East Harlem  Manhattan","3,503","7.6"
"2016-20","UHF 42","304","4","3","Manhattan","Upper West Side","Upper West Side  Manhattan","4,991","4.7"
"2016-20","UHF 42","305","4","3","Manhattan","Upper East Side","Upper East Side  Manhattan","5,359","4.9"
"2016-20","UHF 42","306","4","3","Manhattan","Chelsea - Clinton","Chelsea - Clinton  Manhattan","3,998","4.4"
"2016-20","UHF 42","307","4","3","Manhattan","Gramercy Park - Murray Hill","Gramercy Park - Murray Hill  Manhattan","2,540","3.5"
"2016-20","UHF 42","308","4","3","Manhattan","Greenwich Village - SoHo","Greenwich Village - SoHo  Manhattan","1,972","4.7"
"2016-20","UHF 42","309","4","3","Manhattan","Union Square - Lower East Side","Union Square - Lower East Side  Manhattan","5,057","5.7"
"2016-20","UHF 42","310","4","3","Manhattan","Lower Manhattan","Lower Manhattan  Manhattan","2,892","9.9"
"2016-20","UHF 42","401","4","4","Queens","Long Island City - Astoria","Long Island City - Astoria  Queens","7,197","8.0"
"2016-20","UHF 42","402","4","4","Queens","West Queens","West Queens  Queens","24,712","17.1"
"2016-20","UHF 42","403","4","4","Queens","Flushing - Clearview","Flushing - Clearview  Queens","8,768","9.6"
"2016-20","UHF 42","404","4","4","Queens","Bayside - Little Neck","Bayside - Little Neck  Queens","1,299","3.9"
"2016-20","UHF 42","405","4","4","Queens","Ridgewood - Forest Hills","Ridgewood - Forest Hills  Queens","6,486","6.4"
"2016-20","UHF 42","406","4","4","Queens","Fresh Meadows","Fresh Meadows  Queens","2,431","7.1"
"2016-20","UHF 42","407","4","4","Queens","Southwest Queens","Southwest Queens  Queens","7,116","8.5"
"2016-20","UHF 42","408","4","4","Queens","Jamaica","Jamaica  Queens","10,020","10.3"
"2016-20","UHF 42","409","4","4","Queens","Southeast Queens","Southeast Queens  Queens","4,103","4.2"
"2016-20","UHF 42","410","4","4","Queens","Rockaways","Rockaways  Queens","3,534","8.2"
"2016-20","UHF 42","501","4","5","Staten Island","Port Richmond","Port Richmond  Staten Island","1,314","5.7"
"2016-20","UHF 42","502","4","5","Staten Island","Stapleton - St. George","Stapleton - St. George  Staten Island","2,755","6.2"
"2016-20","UHF 42","503","4","5","Staten Island","Willowbrook","Willowbrook  Staten Island","1,642","5.2"
"2016-20","UHF 42","504","4","5","Staten Island","South Beach - Tottenville","South Beach - Tottenville  Staten Island","1,883","2.8"
"2015-19","UHF 42","101","4","1","Bronx","Kingsbridge - Riverdale","Kingsbridge - Riverdale  Bronx","2,590","6.9"
"2015-19","UHF 42","102","4","1","Bronx","Northeast Bronx","Northeast Bronx  Bronx","5,592","7.8"
"2015-19","UHF 42","103","4","1","Bronx","Fordham - Bronx Pk","Fordham - Bronx Pk  Bronx","15,564","17.1"
"2015-19","UHF 42","104","4","1","Bronx","Pelham - Throgs Neck","Pelham - Throgs Neck  Bronx","10,492","9.6"
"2015-19","UHF 42","105","4","1","Bronx","Crotona -Tremont","Crotona -Tremont  Bronx","11,395","15.5"
"2015-19","UHF 42","106","4","1","Bronx","High Bridge - Morrisania","High Bridge - Morrisania  Bronx","11,595","15.1"
"2015-19","UHF 42","107","4","1","Bronx","Hunts Point - Mott Haven","Hunts Point - Mott Haven  Bronx","6,050","12.5"
"2015-19","UHF 42","201","4","2","Brooklyn","Greenpoint","Greenpoint  Brooklyn","4,842","8.4"
"2015-19","UHF 42","202","4","2","Brooklyn","Downtown - Heights - Slope","Downtown - Heights - Slope  Brooklyn","6,863","6.4"
"2015-19","UHF 42","203","4","2","Brooklyn","Bedford Stuyvesant - Crown Heights","Bedford Stuyvesant - Crown Heights  Brooklyn","8,348","6.1"
"2015-19","UHF 42","204","4","2","Brooklyn","East New York","East New York  Brooklyn","9,738","14.5"
"2015-19","UHF 42","205","4","2","Brooklyn","Sunset Park","Sunset Park  Brooklyn","7,950","21.8"
"2015-19","UHF 42","206","4","2","Brooklyn","Borough Park","Borough Park  Brooklyn","18,418","17.9"
"2015-19","UHF 42","207","4","2","Brooklyn","East Flatbush - Flatbush","East Flatbush - Flatbush  Brooklyn","10,751","9.6"
"2015-19","UHF 42","208","4","2","Brooklyn","Canarsie - Flatlands","Canarsie - Flatlands  Brooklyn","4,891","6.8"
"2015-19","UHF 42","209","4","2","Brooklyn","Bensonhurst - Bay Ridge","Bensonhurst - Bay Ridge  Brooklyn","7,633","10.0"
"2015-19","UHF 42","210","4","2","Brooklyn","Coney Island - Sheepshead Bay","Coney Island - Sheepshead Bay  Brooklyn","10,861","9.9"
"2015-19","UHF 42","211","4","2","Brooklyn","Williamsburg - Bushwick","Williamsburg - Bushwick  Brooklyn","7,436","9.3"
"2015-19","UHF 42","301","4","3","Manhattan","Washington Heights","Washington Heights  Manhattan","10,349","10.9"
"2015-19","UHF 42","302","4","3","Manhattan","Central Harlem - Morningside Heights","Central Harlem - Morningside Heights  Manhattan","4,312","5.9"
"2015-19","UHF 42","303","4","3","Manhattan","East Harlem","East Harlem  Manhattan","3,459","7.5"
"2015-19","UHF 42","304","4","3","Manhattan","Upper West Side","Upper West Side  Manhattan","4,098","3.8"
"2015-19","UHF 42","305","4","3","Manhattan","Upper East Side","Upper East Side  Manhattan","4,770","4.3"
"2015-19","UHF 42","306","4","3","Manhattan","Chelsea - Clinton","Chelsea - Clinton  Manhattan","4,354","4.8"
"2015-19","UHF 42","307","4","3","Manhattan","Gramercy Park - Murray Hill","Gramercy Park - Murray Hill  Manhattan","2,817","3.8"
"2015-19","UHF 42","308","4","3","Manhattan","Greenwich Village - SoHo","Greenwich Village - SoHo  Manhattan","2,271","5.4"
"2015-19","UHF 42","309","4","3","Manhattan","Union Square - Lower East Side","Union Square - Lower East Side  Manhattan","5,109","5.7"
"2015-19","UHF 42","310","4","3","Manhattan","Lower Manhattan","Lower Manhattan  Manhattan","2,541","9.1"
"2015-19","UHF 42","401","4","4","Queens","Long Island City - Astoria","Long Island City - Astoria  Queens","6,457","7.3"
"2015-19","UHF 42","402","4","4","Queens","West Queens","West Queens  Queens","24,714","17.1"
"2015-19","UHF 42","403","4","4","Queens","Flushing - Clearview","Flushing - Clearview  Queens","8,191","9.0"
"2015-19","UHF 42","404","4","4","Queens","Bayside - Little Neck","Bayside - Little Neck  Queens","1,173","3.5"
"2015-19","UHF 42","405","4","4","Queens","Ridgewood - Forest Hills","Ridgewood - Forest Hills  Queens","6,957","6.9"
"2015-19","UHF 42","406","4","4","Queens","Fresh Meadows","Fresh Meadows  Queens","2,699","7.8"
"2015-19","UHF 42","407","4","4","Queens","Southwest Queens","Southwest Queens  Queens","6,717","8.1"
"2015-19","UHF 42","408","4","4","Queens","Jamaica","Jamaica  Queens","10,111","10.5"
"2015-19","UHF 42","409","4","4","Queens","Southeast Queens","Southeast Queens  Queens","4,129","4.3"
"2015-19","UHF 42","410","4","4","Queens","Rockaways","Rockaways  Queens","3,458","8.1"
"2015-19","UHF 42","501","4","5","Staten Island","Port Richmond","Port Richmond  Staten Island","1,411","6.2"
"2015-19","UHF 42","502","4","5","Staten Island","Stapleton - St. George","Stapleton - St. George  Staten Island","2,667","6.1"
"2015-19","UHF 42","503","4","5","Staten Island","Willowbrook","Willowbrook  Staten Island","1,509","4.9"
"2015-19","UHF 42","504","4","5","Staten Island","South Beach - Tottenville","South Beach - Tottenville  Staten Island","1,501","2.2"
"2014-18","UHF 42","101","4","1","Bronx","Kingsbridge - Riverdale","Kingsbridge - Riverdale  Bronx","2,597","7.0"
"2014-18","UHF 42","102","4","1","Bronx","Northeast Bronx","Northeast Bronx  Bronx","5,959","8.4"
"2014-18","UHF 42","103","4","1","Bronx","Fordham - Bronx Pk","Fordham - Bronx Pk  Bronx","15,277","16.9"
"2014-18","UHF 42","104","4","1","Bronx","Pelham - Throgs Neck","Pelham - Throgs Neck  Bronx","10,272","9.4"
"2014-18","UHF 42","105","4","1","Bronx","Crotona -Tremont","Crotona -Tremont  Bronx","11,133","15.4"
"2014-18","UHF 42","106","4","1","Bronx","High Bridge - Morrisania","High Bridge - Morrisania  Bronx","11,125","14.6"
"2014-18","UHF 42","107","4","1","Bronx","Hunts Point - Mott Haven","Hunts Point - Mott Haven  Bronx","5,876","12.4"
"2014-18","UHF 42","201","4","2","Brooklyn","Greenpoint","Greenpoint  Brooklyn","4,819","8.5"
"2014-18","UHF 42","202","4","2","Brooklyn","Downtown - Heights - Slope","Downtown - Heights - Slope  Brooklyn","6,572","6.2"
"2014-18","UHF 42","203","4","2","Brooklyn","Bedford Stuyvesant - Crown Heights","Bedford Stuyvesant - Crown Heights  Brooklyn","8,361","6.2"
"2014-18","UHF 42","204","4","2","Brooklyn","East New York","East New York  Brooklyn","9,211","14.1"
"2014-18","UHF 42","205","4","2","Brooklyn","Sunset Park","Sunset Park  Brooklyn","8,123","22.0"
"2014-18","UHF 42","206","4","2","Brooklyn","Borough Park","Borough Park  Brooklyn","18,245","17.6"
"2014-18","UHF 42","207","4","2","Brooklyn","East Flatbush - Flatbush","East Flatbush - Flatbush  Brooklyn","10,831","9.8"
"2014-18","UHF 42","208","4","2","Brooklyn","Canarsie - Flatlands","Canarsie - Flatlands  Brooklyn","4,841","6.7"
"2014-18","UHF 42","209","4","2","Brooklyn","Bensonhurst - Bay Ridge","Bensonhurst - Bay Ridge  Brooklyn","8,144","10.6"
"2014-18","UHF 42","210","4","2","Brooklyn","Coney Island - Sheepshead Bay","Coney Island - Sheepshead Bay  Brooklyn","11,029","10.0"
"2014-18","UHF 42","211","4","2","Brooklyn","Williamsburg - Bushwick","Williamsburg - Bushwick  Brooklyn","7,559","9.6"
"2014-18","UHF 42","301","4","3","Manhattan","Washington Heights","Washington Heights  Manhattan","10,997","11.6"
"2014-18","UHF 42","302","4","3","Manhattan","Central Harlem - Morningside Heights","Central Harlem - Morningside Heights  Manhattan","4,378","6.0"
"2014-18","UHF 42","303","4","3","Manhattan","East Harlem","East Harlem  Manhattan","3,564","7.7"
"2014-18","UHF 42","304","4","3","Manhattan","Upper West Side","Upper West Side  Manhattan","3,437","3.2"
"2014-18","UHF 42","305","4","3","Manhattan","Upper East Side","Upper East Side  Manhattan","4,763","4.2"
"2014-18","UHF 42","306","4","3","Manhattan","Chelsea - Clinton","Chelsea - Clinton  Manhattan","3,966","4.5"
"2014-18","UHF 42","307","4","3","Manhattan","Gramercy Park - Murray Hill","Gramercy Park - Murray Hill  Manhattan","2,488","3.4"
"2014-18","UHF 42","308","4","3","Manhattan","Greenwich Village - SoHo","Greenwich Village - SoHo  Manhattan","2,516","6.0"
"2014-18","UHF 42","309","4","3","Manhattan","Union Square - Lower East Side","Union Square - Lower East Side  Manhattan","4,981","5.6"
"2014-18","UHF 42","310","4","3","Manhattan","Lower Manhattan","Lower Manhattan  Manhattan","2,316","8.4"
"2014-18","UHF 42","401","4","4","Queens","Long Island City - Astoria","Long Island City - Astoria  Queens","6,421","7.2"
"2014-18","UHF 42","402","4","4","Queens","West Queens","West Queens  Queens","25,068","17.3"
"2014-18","UHF 42","403","4","4","Queens","Flushing - Clearview","Flushing - Clearview  Queens","8,139","8.9"
"2014-18","UHF 42","404","4","4","Queens","Bayside - Little Neck","Bayside - Little Neck  Queens","1,279","3.8"
"2014-18","UHF 42","405","4","4","Queens","Ridgewood - Forest Hills","Ridgewood - Forest Hills  Queens","6,815","6.8"
"2014-18","UHF 42","406","4","4","Queens","Fresh Meadows","Fresh Meadows  Queens","2,691","7.7"
"2014-18","UHF 42","407","4","4","Queens","Southwest Queens","Southwest Queens  Queens","7,273","8.7"
"2014-18","UHF 42","408","4","4","Queens","Jamaica","Jamaica  Queens","10,064","10.5"
"2014-18","UHF 42","409","4","4","Queens","Southeast Queens","Southeast Queens  Queens","4,129","4.3"
"2014-18","UHF 42","410","4","4","Queens","Rockaways","Rockaways  Queens","3,274","7.8"
"2014-18","UHF 42","501","4","5","Staten Island","Port Richmond","Port Richmond  Staten Island","1,478","6.5"
"2014-18","UHF 42","502","4","5","Staten Island","Stapleton - St. George","Stapleton - St. George  Staten Island","2,597","6.0"
"2014-18","UHF 42","503","4","5","Staten Island","Willowbrook","Willowbrook  Staten Island","1,545","4.9"
"2014-18","UHF 42","504","4","5","Staten Island","South Beach - Tottenville","South Beach - Tottenville  Staten Island","1,522","2.2"
"2013-17","UHF 42","101","4","1","Bronx","Kingsbridge - Riverdale","Kingsbridge - Riverdale  Bronx","2,525","6.8"
"2013-17","UHF 42","102","4","1","Bronx","Northeast Bronx","Northeast Bronx  Bronx","5,474","7.8"
"2013-17","UHF 42","103","4","1","Bronx","Fordham - Bronx Pk","Fordham - Bronx Pk  Bronx","15,008","16.8"
"2013-17","UHF 42","104","4","1","Bronx","Pelham - Throgs Neck","Pelham - Throgs Neck  Bronx","10,206","9.4"
"2013-17","UHF 42","105","4","1","Bronx","Crotona -Tremont","Crotona -Tremont  Bronx","11,012","15.3"
"2013-17","UHF 42","106","4","1","Bronx","High Bridge - Morrisania","High Bridge - Morrisania  Bronx","11,507","15.4"
"2013-17","UHF 42","107","4","1","Bronx","Hunts Point - Mott Haven","Hunts Point - Mott Haven  Bronx","5,848","12.5"
"2013-17","UHF 42","201","4","2","Brooklyn","Greenpoint","Greenpoint  Brooklyn","4,622","8.2"
"2013-17","UHF 42","202","4","2","Brooklyn","Downtown - Heights - Slope","Downtown - Heights - Slope  Brooklyn","6,331","6.1"
"2013-17","UHF 42","203","4","2","Brooklyn","Bedford Stuyvesant - Crown Heights","Bedford Stuyvesant - Crown Heights  Brooklyn","8,759","6.6"
"2013-17","UHF 42","204","4","2","Brooklyn","East New York","East New York  Brooklyn","8,864","13.8"
"2013-17","UHF 42","205","4","2","Brooklyn","Sunset Park","Sunset Park  Brooklyn","8,508","22.6"
"2013-17","UHF 42","206","4","2","Brooklyn","Borough Park","Borough Park  Brooklyn","18,069","17.2"
"2013-17","UHF 42","207","4","2","Brooklyn","East Flatbush - Flatbush","East Flatbush - Flatbush  Brooklyn","11,130","10.1"
"2013-17","UHF 42","208","4","2","Brooklyn","Canarsie - Flatlands","Canarsie - Flatlands  Brooklyn","4,598","6.4"
"2013-17","UHF 42","209","4","2","Brooklyn","Bensonhurst - Bay Ridge","Bensonhurst - Bay Ridge  Brooklyn","8,001","10.5"
"2013-17","UHF 42","210","4","2","Brooklyn","Coney Island - Sheepshead Bay","Coney Island - Sheepshead Bay  Brooklyn","10,857","9.9"
"2013-17","UHF 42","211","4","2","Brooklyn","Williamsburg - Bushwick","Williamsburg - Bushwick  Brooklyn","8,424","10.9"
"2013-17","UHF 42","301","4","3","Manhattan","Washington Heights","Washington Heights  Manhattan","11,278","11.9"
"2013-17","UHF 42","302","4","3","Manhattan","Central Harlem - Morningside Heights","Central Harlem - Morningside Heights  Manhattan","4,275","5.9"
"2013-17","UHF 42","303","4","3","Manhattan","East Harlem","East Harlem  Manhattan","3,481","7.6"
"2013-17","UHF 42","304","4","3","Manhattan","Upper West Side","Upper West Side  Manhattan","3,067","2.9"
"2013-17","UHF 42","305","4","3","Manhattan","Upper East Side","Upper East Side  Manhattan","4,537","3.9"
"2013-17","UHF 42","306","4","3","Manhattan","Chelsea - Clinton","Chelsea - Clinton  Manhattan","3,569","4.1"
"2013-17","UHF 42","307","4","3","Manhattan","Gramercy Park - Murray Hill","Gramercy Park - Murray Hill  Manhattan","2,883","4.0"
"2013-17","UHF 42","308","4","3","Manhattan","Greenwich Village - SoHo","Greenwich Village - SoHo  Manhattan","2,523","5.9"
"2013-17","UHF 42","309","4","3","Manhattan","Union Square - Lower East Side","Union Square - Lower East Side  Manhattan","5,097","5.7"
"2013-17","UHF 42","310","4","3","Manhattan","Lower Manhattan","Lower Manhattan  Manhattan","2,196","7.9"
"2013-17","UHF 42","401","4","4","Queens","Long Island City - Astoria","Long Island City - Astoria  Queens","6,313","7.1"
"2013-17","UHF 42","402","4","4","Queens","West Queens","West Queens  Queens","25,085","17.2"
"2013-17","UHF 42","403","4","4","Queens","Flushing - Clearview","Flushing - Clearview  Queens","7,945","8.7"
"2013-17","UHF 42","404","4","4","Queens","Bayside - Little Neck","Bayside - Little Neck  Queens","1,228","3.7"
"2013-17","UHF 42","405","4","4","Queens","Ridgewood - Forest Hills","Ridgewood - Forest Hills  Queens","6,357","6.3"
"2013-17","UHF 42","406","4","4","Queens","Fresh Meadows","Fresh Meadows  Queens","2,877","8.3"
"2013-17","UHF 42","407","4","4","Queens","Southwest Queens","Southwest Queens  Queens","7,392","8.8"
"2013-17","UHF 42","408","4","4","Queens","Jamaica","Jamaica  Queens","10,174","10.7"
"2013-17","UHF 42","409","4","4","Queens","Southeast Queens","Southeast Queens  Queens","3,933","4.1"
"2013-17","UHF 42","410","4","4","Queens","Rockaways","Rockaways  Queens","3,029","7.4"
"2013-17","UHF 42","501","4","5","Staten Island","Port Richmond","Port Richmond  Staten Island","1,417","6.2"
"2013-17","UHF 42","502","4","5","Staten Island","Stapleton - St. George","Stapleton - St. George  Staten Island","2,575","5.9"
"2013-17","UHF 42","503","4","5","Staten Island","Willowbrook","Willowbrook  Staten Island","1,447","4.6"
"2013-17","UHF 42","504","4","5","Staten Island","South Beach - Tottenville","South Beach - Tottenville  Staten Island","1,405","2.1"
"2012-16","UHF 42","101","4","1","Bronx","Kingsbridge - Riverdale","Kingsbridge - Riverdale  Bronx","2,476","6.8"
"2012-16","UHF 42","102","4","1","Bronx","Northeast Bronx","Northeast Bronx  Bronx","5,322","7.7"
"2012-16","UHF 42","103","4","1","Bronx","Fordham - Bronx Pk","Fordham - Bronx Pk  Bronx","14,298","16.2"
"2012-16","UHF 42","104","4","1","Bronx","Pelham - Throgs Neck","Pelham - Throgs Neck  Bronx","9,965","9.2"
"2012-16","UHF 42","105","4","1","Bronx","Crotona -Tremont","Crotona -Tremont  Bronx","11,080","15.5"
"2012-16","UHF 42","106","4","1","Bronx","High Bridge - Morrisania","High Bridge - Morrisania  Bronx","11,476","15.5"
"2012-16","UHF 42","107","4","1","Bronx","Hunts Point - Mott Haven","Hunts Point - Mott Haven  Bronx","5,818","12.5"
"2012-16","UHF 42","201","4","2","Brooklyn","Greenpoint","Greenpoint  Brooklyn","4,673","8.5"
"2012-16","UHF 42","202","4","2","Brooklyn","Downtown - Heights - Slope","Downtown - Heights - Slope  Brooklyn","6,180","6.0"
"2012-16","UHF 42","203","4","2","Brooklyn","Bedford Stuyvesant - Crown Heights","Bedford Stuyvesant - Crown Heights  Brooklyn","9,169","7.0"
"2012-16","UHF 42","204","4","2","Brooklyn","East New York","East New York  Brooklyn","8,640","13.8"
"2012-16","UHF 42","205","4","2","Brooklyn","Sunset Park","Sunset Park  Brooklyn","8,449","22.3"
"2012-16","UHF 42","206","4","2","Brooklyn","Borough Park","Borough Park  Brooklyn","18,097","17.1"
"2012-16","UHF 42","207","4","2","Brooklyn","East Flatbush - Flatbush","East Flatbush - Flatbush  Brooklyn","11,820","10.8"
"2012-16","UHF 42","208","4","2","Brooklyn","Canarsie - Flatlands","Canarsie - Flatlands  Brooklyn","5,819","8.2"
"2012-16","UHF 42","209","4","2","Brooklyn","Bensonhurst - Bay Ridge","Bensonhurst - Bay Ridge  Brooklyn","7,989","10.5"
"2012-16","UHF 42","210","4","2","Brooklyn","Coney Island - Sheepshead Bay","Coney Island - Sheepshead Bay  Brooklyn","10,203","9.4"
"2012-16","UHF 42","211","4","2","Brooklyn","Williamsburg - Bushwick","Williamsburg - Bushwick  Brooklyn","9,496","12.4"
"2012-16","UHF 42","301","4","3","Manhattan","Washington Heights","Washington Heights  Manhattan","11,130","11.9"
"2012-16","UHF 42","302","4","3","Manhattan","Central Harlem - Morningside Heights","Central Harlem - Morningside Heights  Manhattan","4,272","6.1"
"2012-16","UHF 42","303","4","3","Manhattan","East Harlem","East Harlem  Manhattan","3,465","7.9"
"2012-16","UHF 42","304","4","3","Manhattan","Upper West Side","Upper West Side  Manhattan","3,252","3.0"
"2012-16","UHF 42","305","4","3","Manhattan","Upper East Side","Upper East Side  Manhattan","3,638","3.1"
"2012-16","UHF 42","306","4","3","Manhattan","Chelsea - Clinton","Chelsea - Clinton  Manhattan","3,275","3.9"
"2012-16","UHF 42","307","4","3","Manhattan","Gramercy Park - Murray Hill","Gramercy Park - Murray Hill  Manhattan","2,590","3.6"
"2012-16","UHF 42","308","4","3","Manhattan","Greenwich Village - SoHo","Greenwich Village - SoHo  Manhattan","2,140","5.0"
"2012-16","UHF 42","309","4","3","Manhattan","Union Square - Lower East Side","Union Square - Lower East Side  Manhattan","4,816","5.3"
"2012-16","UHF 42","310","4","3","Manhattan","Lower Manhattan","Lower Manhattan  Manhattan","2,094","7.6"
"2012-16","UHF 42","401","4","4","Queens","Long Island City - Astoria","Long Island City - Astoria  Queens","6,298","7.1"
"2012-16","UHF 42","402","4","4","Queens","West Queens","West Queens  Queens","25,308","17.1"
"2012-16","UHF 42","403","4","4","Queens","Flushing - Clearview","Flushing - Clearview  Queens","8,402","9.2"
"2012-16","UHF 42","404","4","4","Queens","Bayside - Little Neck","Bayside - Little Neck  Queens","1,127","3.4"
"2012-16","UHF 42","405","4","4","Queens","Ridgewood - Forest Hills","Ridgewood - Forest Hills  Queens","6,084","6.1"
"2012-16","UHF 42","406","4","4","Queens","Fresh Meadows","Fresh Meadows  Queens","2,823","8.2"
"2012-16","UHF 42","407","4","4","Queens","Southwest Queens","Southwest Queens  Queens","7,610","9.0"
"2012-16","UHF 42","408","4","4","Queens","Jamaica","Jamaica  Queens","9,868","10.4"
"2012-16","UHF 42","409","4","4","Queens","Southeast Queens","Southeast Queens  Queens","3,868","4.1"
"2012-16","UHF 42","410","4","4","Queens","Rockaways","Rockaways  Queens","3,069","7.6"
"2012-16","UHF 42","501","4","5","Staten Island","Port Richmond","Port Richmond  Staten Island","1,270","5.6"
"2012-16","UHF 42","502","4","5","Staten Island","Stapleton - St. George","Stapleton - St. George  Staten Island","2,680","6.1"
"2012-16","UHF 42","503","4","5","Staten Island","Willowbrook","Willowbrook  Staten Island","1,127","3.6"
"2012-16","UHF 42","504","4","5","Staten Island","South Beach - Tottenville","South Beach - Tottenville  Staten Island","1,274","1.9"
"2011-15","UHF 42","101","4","1","Bronx","Kingsbridge - Riverdale","Kingsbridge - Riverdale  Bronx","2,419","6.7"
"2011-15","UHF 42","102","4","1","Bronx","Northeast Bronx","Northeast Bronx  Bronx","4,995","7.2"
"2011-15","UHF 42","103","4","1","Bronx","Fordham - Bronx Pk","Fordham - Bronx Pk  Bronx","13,530","15.7"
"2011-15","UHF 42","104","4","1","Bronx","Pelham - Throgs Neck","Pelham - Throgs Neck  Bronx","9,917","9.2"
"2011-15","UHF 42","105","4","1","Bronx","Crotona -Tremont","Crotona -Tremont  Bronx","10,786","15.3"
"2011-15","UHF 42","106","4","1","Bronx","High Bridge - Morrisania","High Bridge - Morrisania  Bronx","11,600","15.9"
"2011-15","UHF 42","107","4","1","Bronx","Hunts Point - Mott Haven","Hunts Point - Mott Haven  Bronx","5,753","12.5"
"2011-15","UHF 42","201","4","2","Brooklyn","Greenpoint","Greenpoint  Brooklyn","4,555","8.4"
"2011-15","UHF 42","202","4","2","Brooklyn","Downtown - Heights - Slope","Downtown - Heights - Slope  Brooklyn","5,674","5.6"
"2011-15","UHF 42","203","4","2","Brooklyn","Bedford Stuyvesant - Crown Heights","Bedford Stuyvesant - Crown Heights  Brooklyn","9,492","7.4"
"2011-15","UHF 42","204","4","2","Brooklyn","East New York","East New York  Brooklyn","9,026","14.6"
"2011-15","UHF 42","205","4","2","Brooklyn","Sunset Park","Sunset Park  Brooklyn","8,445","22.1"
"2011-15","UHF 42","206","4","2","Brooklyn","Borough Park","Borough Park  Brooklyn","18,107","17.0"
"2011-15","UHF 42","207","4","2","Brooklyn","East Flatbush - Flatbush","East Flatbush - Flatbush  Brooklyn","11,432","10.5"
"2011-15","UHF 42","208","4","2","Brooklyn","Canarsie - Flatlands","Canarsie - Flatlands  Brooklyn","6,201","8.7"
"2011-15","UHF 42","209","4","2","Brooklyn","Bensonhurst - Bay Ridge","Bensonhurst - Bay Ridge  Brooklyn","7,970","10.3"
"2011-15","UHF 42","210","4","2","Brooklyn","Coney Island - Sheepshead Bay","Coney Island - Sheepshead Bay  Brooklyn","9,365","8.6"
"2011-15","UHF 42","211","4","2","Brooklyn","Williamsburg - Bushwick","Williamsburg - Bushwick  Brooklyn","9,662","12.9"
"2011-15","UHF 42","301","4","3","Manhattan","Washington Heights","Washington Heights  Manhattan","11,393","12.3"
"2011-15","UHF 42","302","4","3","Manhattan","Central Harlem - Morningside Heights","Central Harlem - Morningside Heights  Manhattan","4,102","5.9"
"2011-15","UHF 42","303","4","3","Manhattan","East Harlem","East Harlem  Manhattan","3,716","8.6"
"2011-15","UHF 42","304","4","3","Manhattan","Upper West Side","Upper West Side  Manhattan","3,462","3.2"
"2011-15","UHF 42","305","4","3","Manhattan","Upper East Side","Upper East Side  Manhattan","3,525","3.0"
"2011-15","UHF 42","306","4","3","Manhattan","Chelsea - Clinton","Chelsea - Clinton  Manhattan","3,103","3.7"
"2011-15","UHF 42","307","4","3","Manhattan","Gramercy Park - Murray Hill","Gramercy Park - Murray Hill  Manhattan","2,204","3.0"
"2011-15","UHF 42","308","4","3","Manhattan","Greenwich Village - SoHo","Greenwich Village - SoHo  Manhattan","2,149","5.0"
"2011-15","UHF 42","309","4","3","Manhattan","Union Square - Lower East Side","Union Square - Lower East Side  Manhattan","5,114","5.6"
"2011-15","UHF 42","310","4","3","Manhattan","Lower Manhattan","Lower Manhattan  Manhattan","1,694","6.2"
"2011-15","UHF 42","401","4","4","Queens","Long Island City - Astoria","Long Island City - Astoria  Queens","6,487","7.3"
"2011-15","UHF 42","402","4","4","Queens","West Queens","West Queens  Queens","25,592","17.1"
"2011-15","UHF 42","403","4","4","Queens","Flushing - Clearview","Flushing - Clearview  Queens","8,358","9.1"
"2011-15","UHF 42","404","4","4","Queens","Bayside - Little Neck","Bayside - Little Neck  Queens","1,053","3.1"
"2011-15","UHF 42","405","4","4","Queens","Ridgewood - Forest Hills","Ridgewood - Forest Hills  Queens","5,844","5.8"
"2011-15","UHF 42","406","4","4","Queens","Fresh Meadows","Fresh Meadows  Queens","3,132","9.1"
"2011-15","UHF 42","407","4","4","Queens","Southwest Queens","Southwest Queens  Queens","7,457","8.8"
"2011-15","UHF 42","408","4","4","Queens","Jamaica","Jamaica  Queens","9,574","10.2"
"2011-15","UHF 42","409","4","4","Queens","Southeast Queens","Southeast Queens  Queens","3,833","4.0"
"2011-15","UHF 42","410","4","4","Queens","Rockaways","Rockaways  Queens","3,241","8.1"
"2011-15","UHF 42","501","4","5","Staten Island","Port Richmond","Port Richmond  Staten Island","1,455","6.5"
"2011-15","UHF 42","502","4","5","Staten Island","Stapleton - St. George","Stapleton - St. George  Staten Island","2,561","5.9"
"2011-15","UHF 42","503","4","5","Staten Island","Willowbrook","Willowbrook  Staten Island","868","2.8"
"2011-15","UHF 42","504","4","5","Staten Island","South Beach - Tottenville","South Beach - Tottenville  Staten Island","1,220","1.8"
"2010-14","UHF 42","101","4","1","Bronx","Kingsbridge - Riverdale","Kingsbridge - Riverdale  Bronx","2,274","6.2"
"2010-14","UHF 42","102","4","1","Bronx","Northeast Bronx","Northeast Bronx  Bronx","4,346","6.3"
"2010-14","UHF 42","103","4","1","Bronx","Fordham - Bronx Pk","Fordham - Bronx Pk  Bronx","12,929","15.2"
"2010-14","UHF 42","104","4","1","Bronx","Pelham - Throgs Neck","Pelham - Throgs Neck  Bronx","9,348","8.6"
"2010-14","UHF 42","105","4","1","Bronx","Crotona -Tremont","Crotona -Tremont  Bronx","10,413","15.2"
"2010-14","UHF 42","106","4","1","Bronx","High Bridge - Morrisania","High Bridge - Morrisania  Bronx","11,654","16.2"
"2010-14","UHF 42","107","4","1","Bronx","Hunts Point - Mott Haven","Hunts Point - Mott Haven  Bronx","5,768","12.8"
"2010-14","UHF 42","201","4","2","Brooklyn","Greenpoint","Greenpoint  Brooklyn","4,557","8.6"
"2010-14","UHF 42","202","4","2","Brooklyn","Downtown - Heights - Slope","Downtown - Heights - Slope  Brooklyn","5,220","5.2"
"2010-14","UHF 42","203","4","2","Brooklyn","Bedford Stuyvesant - Crown Heights","Bedford Stuyvesant - Crown Heights  Brooklyn","9,092","7.2"
"2010-14","UHF 42","204","4","2","Brooklyn","East New York","East New York  Brooklyn","8,960","14.8"
"2010-14","UHF 42","205","4","2","Brooklyn","Sunset Park","Sunset Park  Brooklyn","8,754","22.8"
"2010-14","UHF 42","206","4","2","Brooklyn","Borough Park","Borough Park  Brooklyn","17,692","16.6"
"2010-14","UHF 42","207","4","2","Brooklyn","East Flatbush - Flatbush","East Flatbush - Flatbush  Brooklyn","11,450","10.6"
"2010-14","UHF 42","208","4","2","Brooklyn","Canarsie - Flatlands","Canarsie - Flatlands  Brooklyn","6,161","8.7"
"2010-14","UHF 42","209","4","2","Brooklyn","Bensonhurst - Bay Ridge","Bensonhurst - Bay Ridge  Brooklyn","7,540","9.7"
"2010-14","UHF 42","210","4","2","Brooklyn","Coney Island - Sheepshead Bay","Coney Island - Sheepshead Bay  Brooklyn","8,395","7.7"
"2010-14","UHF 42","211","4","2","Brooklyn","Williamsburg - Bushwick","Williamsburg - Bushwick  Brooklyn","9,946","13.4"
"2010-14","UHF 42","301","4","3","Manhattan","Washington Heights","Washington Heights  Manhattan","11,507","12.6"
"2010-14","UHF 42","302","4","3","Manhattan","Central Harlem - Morningside Heights","Central Harlem - Morningside Heights  Manhattan","4,028","5.8"
"2010-14","UHF 42","303","4","3","Manhattan","East Harlem","East Harlem  Manhattan","3,710","8.8"
"2010-14","UHF 42","304","4","3","Manhattan","Upper West Side","Upper West Side  Manhattan","3,531","3.3"
"2010-14","UHF 42","305","4","3","Manhattan","Upper East Side","Upper East Side  Manhattan","3,725","3.2"
"2010-14","UHF 42","306","4","3","Manhattan","Chelsea - Clinton","Chelsea - Clinton  Manhattan","2,975","3.6"
"2010-14","UHF 42","307","4","3","Manhattan","Gramercy Park - Murray Hill","Gramercy Park - Murray Hill  Manhattan","2,085","2.9"
"2010-14","UHF 42","308","4","3","Manhattan","Greenwich Village - SoHo","Greenwich Village - SoHo  Manhattan","2,180","5.0"
"2010-14","UHF 42","309","4","3","Manhattan","Union Square - Lower East Side","Union Square - Lower East Side  Manhattan","5,044","5.6"
"2010-14","UHF 42","310","4","3","Manhattan","Lower Manhattan","Lower Manhattan  Manhattan","1,620","6.1"
"2010-14","UHF 42","401","4","4","Queens","Long Island City - Astoria","Long Island City - Astoria  Queens","6,660","7.6"
"2010-14","UHF 42","402","4","4","Queens","West Queens","West Queens  Queens","25,330","17.0"
"2010-14","UHF 42","403","4","4","Queens","Flushing - Clearview","Flushing - Clearview  Queens","8,469","9.2"
"2010-14","UHF 42","404","4","4","Queens","Bayside - Little Neck","Bayside - Little Neck  Queens","1,028","3.1"
"2010-14","UHF 42","405","4","4","Queens","Ridgewood - Forest Hills","Ridgewood - Forest Hills  Queens","5,212","5.2"
"2010-14","UHF 42","406","4","4","Queens","Fresh Meadows","Fresh Meadows  Queens","2,862","8.3"
"2010-14","UHF 42","407","4","4","Queens","Southwest Queens","Southwest Queens  Queens","7,328","8.6"
"2010-14","UHF 42","408","4","4","Queens","Jamaica","Jamaica  Queens","9,948","10.5"
"2010-14","UHF 42","409","4","4","Queens","Southeast Queens","Southeast Queens  Queens","3,786","3.9"
"2010-14","UHF 42","410","4","4","Queens","Rockaways","Rockaways  Queens","3,152","7.9"
"2010-14","UHF 42","501","4","5","Staten Island","Port Richmond","Port Richmond  Staten Island","1,447","6.4"
"2010-14","UHF 42","502","4","5","Staten Island","Stapleton - St. George","Stapleton - St. George  Staten Island","2,679","6.2"
"2010-14","UHF 42","503","4","5","Staten Island","Willowbrook","Willowbrook  Staten Island","760","2.5"
"2010-14","UHF 42","504","4","5","Staten Island","South Beach - Tottenville","South Beach - Tottenville  Staten Island","1,275","1.9"
"2009-13","UHF 42","101","4","1","Bronx","Kingsbridge - Riverdale","Kingsbridge - Riverdale  Bronx","2,148","5.9"
"2009-13","UHF 42","102","4","1","Bronx","Northeast Bronx","Northeast Bronx  Bronx","4,421","6.5"
"2009-13","UHF 42","103","4","1","Bronx","Fordham - Bronx Pk","Fordham - Bronx Pk  Bronx","12,425","14.8"
"2009-13","UHF 42","104","4","1","Bronx","Pelham - Throgs Neck","Pelham - Throgs Neck  Bronx","9,459","8.8"
"2009-13","UHF 42","105","4","1","Bronx","Crotona -Tremont","Crotona -Tremont  Bronx","10,022","14.9"
"2009-13","UHF 42","106","4","1","Bronx","High Bridge - Morrisania","High Bridge - Morrisania  Bronx","11,245","15.9"
"2009-13","UHF 42","107","4","1","Bronx","Hunts Point - Mott Haven","Hunts Point - Mott Haven  Bronx","5,687","12.7"
"2009-13","UHF 42","201","4","2","Brooklyn","Greenpoint","Greenpoint  Brooklyn","5,563","10.7"
"2009-13","UHF 42","202","4","2","Brooklyn","Downtown - Heights - Slope","Downtown - Heights - Slope  Brooklyn","4,938","5.0"
"2009-13","UHF 42","203","4","2","Brooklyn","Bedford Stuyvesant - Crown Heights","Bedford Stuyvesant - Crown Heights  Brooklyn","8,454","6.7"
"2009-13","UHF 42","204","4","2","Brooklyn","East New York","East New York  Brooklyn","8,888","14.9"
"2009-13","UHF 42","205","4","2","Brooklyn","Sunset Park","Sunset Park  Brooklyn","8,604","22.1"
"2009-13","UHF 42","206","4","2","Brooklyn","Borough Park","Borough Park  Brooklyn","17,305","16.2"
"2009-13","UHF 42","207","4","2","Brooklyn","East Flatbush - Flatbush","East Flatbush - Flatbush  Brooklyn","11,757","11.0"
"2009-13","UHF 42","208","4","2","Brooklyn","Canarsie - Flatlands","Canarsie - Flatlands  Brooklyn","6,080","8.7"
"2009-13","UHF 42","209","4","2","Brooklyn","Bensonhurst - Bay Ridge","Bensonhurst - Bay Ridge  Brooklyn","6,132","8.0"
"2009-13","UHF 42","210","4","2","Brooklyn","Coney Island - Sheepshead Bay","Coney Island - Sheepshead Bay  Brooklyn","7,572","7.0"
"2009-13","UHF 42","211","4","2","Brooklyn","Williamsburg - Bushwick","Williamsburg - Bushwick  Brooklyn","10,164","14.0"
"2009-13","UHF 42","301","4","3","Manhattan","Washington Heights","Washington Heights  Manhattan","10,771","12.0"
"2009-13","UHF 42","302","4","3","Manhattan","Central Harlem - Morningside Heights","Central Harlem - Morningside Heights  Manhattan","4,127","6.1"
"2009-13","UHF 42","303","4","3","Manhattan","East Harlem","East Harlem  Manhattan","3,925","9.5"
"2009-13","UHF 42","304","4","3","Manhattan","Upper West Side","Upper West Side  Manhattan","3,564","3.3"
"2009-13","UHF 42","305","4","3","Manhattan","Upper East Side","Upper East Side  Manhattan","3,637","3.1"
"2009-13","UHF 42","306","4","3","Manhattan","Chelsea - Clinton","Chelsea - Clinton  Manhattan","3,166","3.9"
"2009-13","UHF 42","307","4","3","Manhattan","Gramercy Park - Murray Hill","Gramercy Park - Murray Hill  Manhattan","2,185","3.1"
"2009-13","UHF 42","308","4","3","Manhattan","Greenwich Village - SoHo","Greenwich Village - SoHo  Manhattan","1,903","4.5"
"2009-13","UHF 42","309","4","3","Manhattan","Union Square - Lower East Side","Union Square - Lower East Side  Manhattan","5,317","5.9"
"2009-13","UHF 42","310","4","3","Manhattan","Lower Manhattan","Lower Manhattan  Manhattan","1,480","5.9"
"2009-13","UHF 42","401","4","4","Queens","Long Island City - Astoria","Long Island City - Astoria  Queens","6,620","7.6"
"2009-13","UHF 42","402","4","4","Queens","West Queens","West Queens  Queens","24,917","16.8"
"2009-13","UHF 42","403","4","4","Queens","Flushing - Clearview","Flushing - Clearview  Queens","8,046","8.6"
"2009-13","UHF 42","404","4","4","Queens","Bayside - Little Neck","Bayside - Little Neck  Queens","1,016","3.0"
"2009-13","UHF 42","405","4","4","Queens","Ridgewood - Forest Hills","Ridgewood - Forest Hills  Queens","5,196","5.2"
"2009-13","UHF 42","406","4","4","Queens","Fresh Meadows","Fresh Meadows  Queens","2,996","8.8"
"2009-13","UHF 42","407","4","4","Queens","Southwest Queens","Southwest Queens  Queens","7,353","8.6"
"2009-13","UHF 42","408","4","4","Queens","Jamaica","Jamaica  Queens","9,003","9.6"
"2009-13","UHF 42","409","4","4","Queens","Southeast Queens","Southeast Queens  Queens","3,690","3.8"
"2009-13","UHF 42","410","4","4","Queens","Rockaways","Rockaways  Queens","3,089","7.9"
"2009-13","UHF 42","501","4","5","Staten Island","Port Richmond","Port Richmond  Staten Island","1,394","6.3"
"2009-13","UHF 42","502","4","5","Staten Island","Stapleton - St. George","Stapleton - St. George  Staten Island","2,734","6.2"
"2009-13","UHF 42","503","4","5","Staten Island","Willowbrook","Willowbrook  Staten Island","716","2.3"
"2009-13","UHF 42","504","4","5","Staten Island","South Beach - Tottenville","South Beach - Tottenville  Staten Island","978","1.4"
"2008-12","UHF 42","101","4","1","Bronx","Kingsbridge - Riverdale","Kingsbridge - Riverdale  Bronx","2,234","6.2"
"2008-12","UHF 42","102","4","1","Bronx","Northeast Bronx","Northeast Bronx  Bronx","4,223","6.2"
"2008-12","UHF 42","103","4","1","Bronx","Fordham - Bronx Pk","Fordham - Bronx Pk  Bronx","11,538","13.7"
"2008-12","UHF 42","104","4","1","Bronx","Pelham - Throgs Neck","Pelham - Throgs Neck  Bronx","9,522","8.9"
"2008-12","UHF 42","105","4","1","Bronx","Crotona -Tremont","Crotona -Tremont  Bronx","10,161","15.3"
"2008-12","UHF 42","106","4","1","Bronx","High Bridge - Morrisania","High Bridge - Morrisania  Bronx","10,686","15.3"
"2008-12","UHF 42","107","4","1","Bronx","Hunts Point - Mott Haven","Hunts Point - Mott Haven  Bronx","5,304","12.0"
"2008-12","UHF 42","201","4","2","Brooklyn","Greenpoint","Greenpoint  Brooklyn","6,810","13.6"
"2008-12","UHF 42","202","4","2","Brooklyn","Downtown - Heights - Slope","Downtown - Heights - Slope  Brooklyn","4,555","4.6"
"2008-12","UHF 42","203","4","2","Brooklyn","Bedford Stuyvesant - Crown Heights","Bedford Stuyvesant - Crown Heights  Brooklyn","8,301","6.7"
"2008-12","UHF 42","204","4","2","Brooklyn","East New York","East New York  Brooklyn","9,159","15.3"
"2008-12","UHF 42","205","4","2","Brooklyn","Sunset Park","Sunset Park  Brooklyn","8,420","21.5"
"2008-12","UHF 42","206","4","2","Brooklyn","Borough Park","Borough Park  Brooklyn","16,965","15.9"
"2008-12","UHF 42","207","4","2","Brooklyn","East Flatbush - Flatbush","East Flatbush - Flatbush  Brooklyn","12,234","11.3"
"2008-12","UHF 42","208","4","2","Brooklyn","Canarsie - Flatlands","Canarsie - Flatlands  Brooklyn","6,148","8.8"
"2008-12","UHF 42","209","4","2","Brooklyn","Bensonhurst - Bay Ridge","Bensonhurst - Bay Ridge  Brooklyn","5,410","7.1"
"2008-12","UHF 42","210","4","2","Brooklyn","Coney Island - Sheepshead Bay","Coney Island - Sheepshead Bay  Brooklyn","7,359","6.9"
"2008-12","UHF 42","211","4","2","Brooklyn","Williamsburg - Bushwick","Williamsburg - Bushwick  Brooklyn","9,568","13.3"
"2008-12","UHF 42","301","4","3","Manhattan","Washington Heights","Washington Heights  Manhattan","10,951","12.0"
"2008-12","UHF 42","302","4","3","Manhattan","Central Harlem - Morningside Heights","Central Harlem - Morningside Heights  Manhattan","3,939","5.8"
"2008-12","UHF 42","303","4","3","Manhattan","East Harlem","East Harlem  Manhattan","4,082","9.8"
"2008-12","UHF 42","304","4","3","Manhattan","Upper West Side","Upper West Side  Manhattan","3,656","3.4"
"2008-12","UHF 42","305","4","3","Manhattan","Upper East Side","Upper East Side  Manhattan","3,730","3.2"
"2008-12","UHF 42","306","4","3","Manhattan","Chelsea - Clinton","Chelsea - Clinton  Manhattan","3,121","3.8"
"2008-12","UHF 42","307","4","3","Manhattan","Gramercy Park - Murray Hill","Gramercy Park - Murray Hill  Manhattan","1,942","2.7"
"2008-12","UHF 42","308","4","3","Manhattan","Greenwich Village - SoHo","Greenwich Village - SoHo  Manhattan","2,042","4.9"
"2008-12","UHF 42","309","4","3","Manhattan","Union Square - Lower East Side","Union Square - Lower East Side  Manhattan","5,820","6.5"
"2008-12","UHF 42","310","4","3","Manhattan","Lower Manhattan","Lower Manhattan  Manhattan","1,348","5.6"
"2008-12","UHF 42","401","4","4","Queens","Long Island City - Astoria","Long Island City - Astoria  Queens","6,520","7.5"
"2008-12","UHF 42","402","4","4","Queens","West Queens","West Queens  Queens","23,909","16.2"
"2008-12","UHF 42","403","4","4","Queens","Flushing - Clearview","Flushing - Clearview  Queens","7,999","8.6"
"2008-12","UHF 42","404","4","4","Queens","Bayside - Little Neck","Bayside - Little Neck  Queens","842","2.5"
"2008-12","UHF 42","405","4","4","Queens","Ridgewood - Forest Hills","Ridgewood - Forest Hills  Queens","4,993","5.0"
"2008-12","UHF 42","406","4","4","Queens","Fresh Meadows","Fresh Meadows  Queens","2,628","7.7"
"2008-12","UHF 42","407","4","4","Queens","Southwest Queens","Southwest Queens  Queens","7,511","8.9"
"2008-12","UHF 42","408","4","4","Queens","Jamaica","Jamaica  Queens","8,289","9.0"
"2008-12","UHF 42","409","4","4","Queens","Southeast Queens","Southeast Queens  Queens","3,402","3.5"
"2008-12","UHF 42","410","4","4","Queens","Rockaways","Rockaways  Queens","3,062","7.7"
"2008-12","UHF 42","501","4","5","Staten Island","Port Richmond","Port Richmond  Staten Island","1,546","6.9"
"2008-12","UHF 42","502","4","5","Staten Island","Stapleton - St. George","Stapleton - St. George  Staten Island","2,543","5.9"
"2008-12","UHF 42","503","4","5","Staten Island","Willowbrook","Willowbrook  Staten Island","683","2.2"
"2008-12","UHF 42","504","4","5","Staten Island","South Beach - Tottenville","South Beach - Tottenville  Staten Island","855","1.3"
"2007-11","UHF 42","101","4","1","Bronx","Kingsbridge - Riverdale","Kingsbridge - Riverdale  Bronx","2,224","6.1"
"2007-11","UHF 42","102","4","1","Bronx","Northeast Bronx","Northeast Bronx  Bronx","4,474","6.5"
"2007-11","UHF 42","103","4","1","Bronx","Fordham - Bronx Pk","Fordham - Bronx Pk  Bronx","11,505","13.7"
"2007-11","UHF 42","104","4","1","Bronx","Pelham - Throgs Neck","Pelham - Throgs Neck  Bronx","9,199","8.6"
"2007-11","UHF 42","105","4","1","Bronx","Crotona -Tremont","Crotona -Tremont  Bronx","9,733","14.6"
"2007-11","UHF 42","106","4","1","Bronx","High Bridge - Morrisania","High Bridge - Morrisania  Bronx","10,590","15.3"
"2007-11","UHF 42","107","4","1","Bronx","Hunts Point - Mott Haven","Hunts Point - Mott Haven  Bronx","5,297","12.2"
"2007-11","UHF 42","201","4","2","Brooklyn","Greenpoint","Greenpoint  Brooklyn","6,965","14.1"
"2007-11","UHF 42","202","4","2","Brooklyn","Downtown - Heights - Slope","Downtown - Heights - Slope  Brooklyn","4,085","4.2"
"2007-11","UHF 42","203","4","2","Brooklyn","Bedford Stuyvesant - Crown Heights","Bedford Stuyvesant - Crown Heights  Brooklyn","8,070","6.5"
"2007-11","UHF 42","204","4","2","Brooklyn","East New York","East New York  Brooklyn","8,101","13.6"
"2007-11","UHF 42","205","4","2","Brooklyn","Sunset Park","Sunset Park  Brooklyn","8,623","21.9"
"2007-11","UHF 42","206","4","2","Brooklyn","Borough Park","Borough Park  Brooklyn","17,443","16.3"
"2007-11","UHF 42","207","4","2","Brooklyn","East Flatbush - Flatbush","East Flatbush - Flatbush  Brooklyn","11,937","11.0"
"2007-11","UHF 42","208","4","2","Brooklyn","Canarsie - Flatlands","Canarsie - Flatlands  Brooklyn","4,842","7.0"
"2007-11","UHF 42","209","4","2","Brooklyn","Bensonhurst - Bay Ridge","Bensonhurst - Bay Ridge  Brooklyn","4,892","6.5"
"2007-11","UHF 42","210","4","2","Brooklyn","Coney Island - Sheepshead Bay","Coney Island - Sheepshead Bay  Brooklyn","7,607","7.2"
"2007-11","UHF 42","211","4","2","Brooklyn","Williamsburg - Bushwick","Williamsburg - Bushwick  Brooklyn","9,084","12.8"
"2007-11","UHF 42","301","4","3","Manhattan","Washington Heights","Washington Heights  Manhattan","10,897","12.0"
"2007-11","UHF 42","302","4","3","Manhattan","Central Harlem - Morningside Heights","Central Harlem - Morningside Heights  Manhattan","4,169","6.2"
"2007-11","UHF 42","303","4","3","Manhattan","East Harlem","East Harlem  Manhattan","4,277","10.3"
"2007-11","UHF 42","304","4","3","Manhattan","Upper West Side","Upper West Side  Manhattan","3,657","3.4"
"2007-11","UHF 42","305","4","3","Manhattan","Upper East Side","Upper East Side  Manhattan","3,484","3.0"
"2007-11","UHF 42","306","4","3","Manhattan","Chelsea - Clinton","Chelsea - Clinton  Manhattan","3,326","4.2"
"2007-11","UHF 42","307","4","3","Manhattan","Gramercy Park - Murray Hill","Gramercy Park - Murray Hill  Manhattan","2,154","3.0"
"2007-11","UHF 42","308","4","3","Manhattan","Greenwich Village - SoHo","Greenwich Village - SoHo  Manhattan","1,951","4.6"
"2007-11","UHF 42","309","4","3","Manhattan","Union Square - Lower East Side","Union Square - Lower East Side  Manhattan","6,033","6.7"
"2007-11","UHF 42","310","4","3","Manhattan","Lower Manhattan","Lower Manhattan  Manhattan","1,400","6.2"
"2007-11","UHF 42","401","4","4","Queens","Long Island City - Astoria","Long Island City - Astoria  Queens","6,445","7.5"
"2007-11","UHF 42","402","4","4","Queens","West Queens","West Queens  Queens","23,805","16.1"
"2007-11","UHF 42","403","4","4","Queens","Flushing - Clearview","Flushing - Clearview  Queens","7,468","8.1"
"2007-11","UHF 42","404","4","4","Queens","Bayside - Little Neck","Bayside - Little Neck  Queens","890","2.7"
"2007-11","UHF 42","405","4","4","Queens","Ridgewood - Forest Hills","Ridgewood - Forest Hills  Queens","5,027","5.1"
"2007-11","UHF 42","406","4","4","Queens","Fresh Meadows","Fresh Meadows  Queens","2,374","7.0"
"2007-11","UHF 42","407","4","4","Queens","Southwest Queens","Southwest Queens  Queens","7,016","8.3"
"2007-11","UHF 42","408","4","4","Queens","Jamaica","Jamaica  Queens","8,585","9.3"
"2007-11","UHF 42","409","4","4","Queens","Southeast Queens","Southeast Queens  Queens","3,634","3.8"
"2007-11","UHF 42","410","4","4","Queens","Rockaways","Rockaways  Queens","2,784","7.1"
"2007-11","UHF 42","501","4","5","Staten Island","Port Richmond","Port Richmond  Staten Island","1,478","6.6"
"2007-11","UHF 42","502","4","5","Staten Island","Stapleton - St. George","Stapleton - St. George  Staten Island","2,554","5.9"
"2007-11","UHF 42","503","4","5","Staten Island","Willowbrook","Willowbrook  Staten Island","882","2.8"
"2007-11","UHF 42","504","4","5","Staten Island","South Beach - Tottenville","South Beach - Tottenville  Staten Island","902","1.3"